00000001-0,1,2,3,5,7,10,18
00000002-0,1,2,3,5,14,18
00000003-0,1,2,3,5,7,12,21,44,81,88,97,103
00000004-0,3,5,10,13,17,21,55,91
00000005-0,1,4,6,13,16,19,32
00000006-0,2,3,30,55,91
00000007-0,1,4,6,13,44
00000008-0,1,4,6,96
00000009-0,1,4,6,9,13,15,16,18,20,39,44,87,124,126
00000010-0,1,4,6,13,16,18,20,23,32,37,42,43,44,83,126
00000011-0,1,4,6,13,21,83
00000012-0,1,4,6,13,15,83,144
00000013-0,1,4,8,19,23,25,37,68,109,135
00000014-0,2,3,5,7,13,103
00000015-0,2,3,9,18,44,53,88,126
00000016-0,2,12,13,18,44,88,117
00000017-0,1,2,3,5,12,18,54
00000018-0,1,2,3,5,14,33,52,96
00000019-0,1,6,13,32,79,83
00000020-0,2,3,5,39,88
00000021-0,1,2,3,5,12,18,39,67,88,126,139,150
00000022-0,2,3,5,21
00000023-0,2,3,5,7,12
00000024-0,2,3
00000025-0,1,54,96
00000026-0,1,4,13
00000027-0,3,5,10,44
00000028-0,13,14,35
00000029-0,13,16,42,63,68
00000030-0,6,13,30,39,52,60,96
00000031-0,2,3,21,55,81,84,88,91
00000032-0,2,3,21,44,55,60,91
00000033-0,1,4,6,23
00000034-0,1,13,23
00000035-0,1,4,6,9,23
00000036-0,1,4,13,16,23,111
00000037-0,1,4,13,23
00000038-0,1,4,23,28,31,36,42,76,111
00000039-0,1,4,9,16,37,99
00000040-0,1,4,9,11,20,23,42,116
00000041-0,1,4,6,9,15
00000042-0,1,4,6,9,43
00000043-0,1,4,6,9,13,30
00000044-0,1,4,6,9,15,18,20,37,43,65,67,133,140
00000045-0,1,4,6,8,9,15,19,29,36,37,40
00000046-0,1,4,6,9,15,39,83
00000047-0,1,4,6,8,9,20,111
00000048-0,1,4,6,9,83
00000049-0,1,4,6,8,9,16,23,37,58,83,135
00000050-0,1,4,6,13,15,19,32,60,83
00000051-0,1,4,6,13,21,83,137
00000052-0,2,3,5,7,12,13,18,44,73,88,126
00000053-0,1,4,6,13,21,124
00000054-0,2,4,5,14,42,60
00000055-0,1,6,13,83
00000056-0,1,4,6,42,44,83,106,145
00000057-0,1,4,6,13,106,116
00000058-0,56,121
00000059-0,56,113,121,138
00000060-0,4,56,121,138
00000061-0,1,4,5,6,13,37,43,83,96
00000062-0,1,2,3,4,9,126
00000063-0,1,4,13,42,120
00000064-0,1,4,6,13,102
00000065-0,1,4,6,15,18,20,23,24,31,37,43,44,46,65,83,126,140
00000066-0,2,3,5
00000067-0,1,4,6,9,11,37,70
00000068-0,1,4,6,11,15,23,44,78,111,135,144,149,150
00000069-0,1,4,16,18,23,37,111
00000070-0,1,6,13,43,78
00000071-0,1,4,6,11,23,28,135
00000072-0,1,13,14,15
00000073-0,2,3,5,10,21,33,88
00000074-0,1,4,6,9,15,44,83
00000075-0,1,6,15
00000076-0,1,4,6,9,22,37
00000077-0,1,4,25,28,48,71,82
00000078-0,1,4,6,9,11,15,25,38,48,66,99,146
00000079-0,1,4,6,9,11,25,28,38,48,59,71,83,99,135,136
00000080-0,1,4,11,19,99,146
00000081-0,1,4,6,11,28,48,59,66,71,83,146
00000082-0,1,4,9,25,28,38,48
00000083-0,1,9,25,48,66
00000084-0,1,4,11,19,38,40,48,66,67,82,146
00000085-0,1,4,19,28,38,48,66,67,136
00000086-0,1,4,6,19,23,28,31,38,40,50,82,146
00000087-0,1,4,11,25,48,66,82,99
00000088-0,1,4,6,19,28,48,59
00000089-0,1,4,9,11,18,28,38,48,59,66
00000090-0,1,4,6,9,11,15,19,23,29,48,59,66
00000091-0,1,4,28,48,66,113
00000092-0,1,6,9,11,15,28,48,66,71,82,83,135
00000093-0,1,4,6,9,11,19,29,38,48,66,146
00000094-0,1,4,6,19,28,42,48,71,146
00000095-0,1,4,15,19,28,48,66,82,135,148
00000096-0,1,4,66
00000097-0,1,4,6,11,15,23,28,29,48,66,67,71,135,136
00000098-0,1,4,16,28,38,48,71,82,148
00000099-0,1,4,15,19,38,48,66,148
00000100-0,1,4,11,28,37,42,48,82,135
00000101-0,1,4,6,15,38,48,59,66,147
00000102-0,1,4,6,11,25,48,59,66,71,83
00000103-0,1,4,18,28,38,48,66,82,99,113,126,147
00000104-0,1,4,6,11,15,28,48,66,71,135
00000105-0,1,11,19,28,48,66,67,71,136
00000106-0,1,4,9,11,16,19,28,29,37,38,48,66
00000107-0,1,4,11,16,18,19,28,38,42,48,82,98,126,135,147
00000108-0,1,19,82,99,146
00000109-0,10,13,14
00000110-0,1,2,3,5,13,39,53,54,122
00000111-0,6,12,13,42,116,121,143,148
00000112-0,2,3,27,35,47
00000113-0,3,27,47,69
00000114-0,2,3,17,27,35,47,104
00000115-0,1,4,28,48,99,138
00000116-0,1,4,6,13,28,48,67,76,83,135
00000117-0,1,4,6,9,15,18,20,37,39,40,45,68,101,126
00000118-0,1,4,6,8,11,16,23,29,34,37,42,58,64,75,83,90,133
00000119-0,1,4,8,9,15,19,36,42,58
00000120-0,1,8,11,16,23,28,37,40,58,90
00000121-0,1,4,6,8,9,11,15,16,18,19,20,23,31,42,58,64,67,83,126,135,136,140
00000122-0,1,4,8,9,16,19,68
00000123-0,1,4,6,8,9,19,20,25,37,58,68
00000124-0,1,4,6,8,9,16,37,58,68,83,135,148
00000125-0,1,4,6,8,9,15,16,23,31,37,39,40,58,67,83,132,136
00000126-0,1,4,6,8,9,19,20,28,32,34,37,99,133
00000127-0,1,2,3,4,5,6,8,9,10,11,14,15,16,18,19,20,23,37,39,40,42,45,58,140
00000128-0,1,4,6,8,16,20,36,147
00000129-0,1,4,6,8,9,15,16,19,20,28,37,40,58,140,149
00000130-0,1,4,6,8,9,16,18,25,37,40,42,58,68,113,126
00000131-0,1,8,16,19,23,58
00000132-0,1,3,4,5,6,8,16,17,18,20,37,39,40,58,70
00000133-0,1,4,6,8,16,23,58,140
00000134-0,1,8,9,16,19,20,28,37,40,67,113,135,136
00000135-0,1,4,6,8,9,16,18,19,20,31,37,40,42,58,68,126,149
00000136-0,1,4,8,9,11,15,19,28,31,147
00000137-0,1,4,6,8,9,11,16,19,20,23,24,31,37,40,65,67,68,98,135,136
00000138-0,1,6,8,9,15,16,23,29,31,37,40,83
00000139-0,1,4,6,8,9,11,16,19,20,23,28,29,37,67,83,107,111,135,136,140
00000140-0,1,4,8,11,15,28,45,48,71,90,135
00000141-0,1,4,6,8,9,16,19,23,36,37,58,149
00000142-0,1,4,6,8,9,11,16,23,64
00000143-0,1,4,6,8,9,11,16,18,40,58,90,140
00000144-0,1,4,6,8,9,11,15,18,19,23,29,31,37,40,126,138,140
00000145-0,1,4,6,8,9,25,58,67,132,136
00000146-0,1,4,6,8,9,16,18,23,31,37,40,58,65,67,83,111,126,135,136
00000147-0,1,4,8,16,19,20,23,37,58,67,136,149
00000148-0,1,4,8,25,36,37,58,68,135
00000149-0,1,8,16,19,37,58,149
00000150-0,1,4,8,9,16,23,37
00000151-0,1,4,6,8,9,16,19,23,37,40,58,68,147
00000152-0,1,4,8,15,16,23,28,29,42,45
00000153-0,1,4,8,9,11,19,28,140
00000154-0,1,4,8,16,23,31,58,135
00000155-0,1,6,8,9,11,15,19,23,25,36,58
00000156-0,1,4,8,16,19,23,37,58,82
00000157-0,1,4,8,9,16,20,37,64,68
00000158-0,1,4,8,9,16,23,31,40,90
00000159-0,1,4,16,20,25,31
00000160-0,1,4,6,8,9,11,16,23,37,40,58,68,136
00000161-0,1,4,6,8,9,16,19,23,25,28,37,40,45,58,67,83,120,136,140,149
00000162-0,1,4,6,8,15,16,23,29,37,39,40,45,58,133
00000163-0,1,4,6,8,11,16,19,20,23,31,37,58,67,111,132,143
00000164-0,1,4,8,23,31,37,90
00000165-0,1,4,6,8,16,23,28,37,50,83
00000166-0,1,4,8,15,16,19,20,23,36,37,42
00000167-0,1,4,6,8,9,16,19,23,24,37,40
00000168-0,1,4,6,8,9,16,23,37,40,58,64,68,83,138,149
00000169-0,1,4,6,8,16,19,23,37,40,45,140,149
00000170-0,1,8,9,16,19,23,37,42,45,58,82
00000171-0,1,4,6,8,11,16,24,40,42,50,64,67,68,136,140
00000172-0,1,4,8,16,20,28,36,37,68
00000173-0,1,4,8,9,19,58,82,132
00000174-0,1,4,8,19,40,58
00000175-0,1,4,6,8,9,15,19,34,37,45,76
00000176-0,1,4,6,8,16,19,20,23,37,58,83,147,149
00000177-0,1,8,16,37,40,58
00000178-0,1,8,16,37
00000179-0,1,4,6,8,15,16,20,23,25,29,34,36,37,39,44,68,83,90,93,109,140
00000180-0,1,4,8,16,28,37,40,58
00000181-0,1,4,6,8,9,16,19,23,36,40,42,45,58,67,132,136
00000182-0,1,4,8,9,11,19,20,23,34,37
00000183-0,1,4,8,16,135
00000184-0,1,4,6,8,9,15,23,37,58,147
00000185-0,4,5,6,10,13,16,20,26,33,35,70,99
00000186-0,1,4
00000187-0,1,6,8,9,13
00000188-0,1,4,13,15,16,20,23
00000189-0,2,3,5,7,12,13,14,21,33,52
00000190-0,3,5,10,22,26,54,77
00000191-0,1,4,6,25,42,116,135
00000192-0,1,4,6,11,63,68,96
00000193-0,1,4,6,13,18,23,41
00000194-0,3,5,10,18
00000195-0,1,4,6,9,19,23,32,40,147
00000196-0,2,5,12,14,18,135
00000197-0,1,4,6,9,13,16,20,23,44,120
00000198-0,1,4,6,9,15,42,54,122,140
00000199-0,2,3,7,12,18,21,94,124
00000200-0,3,5,18,26,61,62
00000201-0,3,14,18,35,61,62,69
00000202-0,2,7,21
00000203-0,2,3,49,149
00000204-0,1,2,5,12,13,88
00000205-0,2,3,7,14,18
00000206-0,2,7,12,21
00000207-0,2,7,94
00000208-0,2,3,7,10,18,88
00000209-0,2,3,10,18,44,53,54
00000210-0,2,3,10,12,18,54,60
00000211-0,2,3,7,12,21,87,101,124
00000212-0,2,18,101
00000213-0,2,5,7,9,18,21,103
00000214-0,1,4,6,35,54
00000215-0,6,9,13,32,116
00000216-0,1,4,6,9,13,32,94,116
00000217-0,2,7,12,13,81
00000218-0,1,2,3,4,8,14,18,19,20,24,40,54,58,65,73,87,126
00000219-0,3,5,14,17,80
00000220-0,1,4,13,20,76,89,144
00000221-0,2,3,5,10,14,18,70,88,150
00000222-0,2,3,5,14,22,39,54
00000223-0,25,42,148
00000224-0,3,61
00000225-0,1,4,9,15,32,83
00000226-0,2,3,4,13
00000227-0,1,4,6,13,32,42,83,116
00000228-0,3,4,5,18,21,26,29,70,126
00000229-0,2,13,14,33,39,145
00000230-0,1,4,6,13,20,39,86
00000231-0,1,4,13,144
00000232-0,2,3,5,14,17,22,35,62
00000233-0,1,2,3,5,14,18,35,54
00000234-0,2,3,5,14,88
00000235-0,1,6,47
00000236-0,1,4,6,43,54,70,133
00000237-0,1,4,13
00000238-0,5,17,18,22,35
00000239-0,5,10,53,67,150
00000240-0,1,4,6,96
00000241-0,1,6,13,123,149
00000242-0,1,4,6,13,113
00000243-0,2,3,5,14,18,33
00000244-0,1,4,6,8,9,16,19,20,23,25,34,37,40,58,68,86,109
00000245-0,1,4,8,16,19,37,58
00000246-0,1,4,6,8,9,16,19,20,23,28,37,45,86,93,107,109
00000247-0,1,4,6,9,15,39,70,83
00000248-0,1,11,13,15,18,32,41
00000249-0,2,3,5,149
00000250-0,1,4,6,9,11,16,111
00000251-0,1,4,6,9,13,15,16,20,83,139,142
00000252-0,1,4,9,11,13,16,20,64
00000253-0,1,4,6,13,20,116
00000254-0,1,4,43,54
00000255-0,1,4,15,20,23,25,36,40,42,93
00000256-0,1,4,6,36,42
00000257-0,1,4,6,23,36,42,67,68,93,136
00000258-0,1,4,11,29,36,37,42,93,98,116,136
00000259-0,1,4,41
00000260-0,3,17,27,94
00000261-0,2,3,17,27,77
00000262-0,2,3,5,17,26,27,47,73
00000263-0,9
00000264-0,1,9,13,32,44
00000265-0,1,6,11,13,25,37,42,48,78,83,140,145
00000266-0,1,4,6,9,11,16,19,20,34,75,144
00000267-0,1,4,6,9,16,19,20,25,34,75,83,90,99,131,148
00000268-0,1,4,6,15,16,20,42,83,90,131
00000269-0,1,4,16,63,68,76,131
00000270-0,1,4,16,20,23,76,131,148
00000271-0,1,4,6,16,76,83
00000272-0,1,4,6,9,15,16,20,43,86,99,135,148
00000273-0,1,4,6,11,16,19,20,35,67,83,135,136,138,143,148
00000274-0,1,4,16,20,64,76
00000275-0,2,3,5,7,14,22
00000276-0,6,9,13,75,144
00000277-0,2,5,7,14,55,91
00000278-0,2,3,5,7,12,13,18,21,44,88
00000279-0,1,4,6,9,15
00000280-0,1,4,6,9,15,16,23,37,48,83,135,139
00000281-0,1,4,6,9,15,39,70,139
00000282-0,1,4,6,15,44,83
00000283-0,1,4,6,15,43,44,83
00000284-0,5,7,10,18,26,30
00000285-0,2,3,5,10,12,44,60,150
00000286-0,1,4,16,20,39,41,54,131
00000287-0,2,14,87,122
00000288-0,1,4,5,6
00000289-0,5,10,22,35
00000290-0,3,10,14,35
00000291-0,1,2,3,5,7,12,13,15,18,21,39,44,94
00000292-0,1,4,6,11,18,23,34,68,75,76,83
00000293-0,1,13,34,42,75,144
00000294-0,2,3,4,5,6,9,127,140
00000295-0,1,4,6,19,28,54,83,140
00000296-0,1,4,9,16,20,42,99,113,139
00000297-0,1,13,37,46,83,121
00000298-0,1,4,9,18,23,31,76,126,147
00000299-0,3
00000300-0,1,4,6,9,16,20,25,37,43,78,111,145
00000301-0,2,3,5,7,10,21,88,135
00000302-0,1,4,6,9,15,16,19,20,37
00000303-0,1,4,6,9,15,16,20,23,24,37,40,46,64,67,111,136,140
00000304-0,1,4,6,9,11,13,16,19,32,72,148
00000305-0,1,4,9,11,15,16,19,32,48,72
00000306-0,1,13,16,20,138,143,148
00000307-0,1,4,9,16,18,20,29,40,58,86,143
00000308-0,1,4,6,9,15,16,19,20,23,24,29,37,86,136,143
00000309-0,1,4,6,15,16,20,37,67,86,94,100,127,136,138,143,148
00000310-0,1,4,6,9,11,15,16,18,20,23,29,31,67,68,70,86,99,100,126,136,138,148
00000311-0,1,4,6,11,15,16,20,28,67,83,86,136
00000312-0,1,4,6,11,16,19,20,23,37
00000313-0,1,4,6,9,16,18,19,20,23,31,37,40,67,98,136,143,148
00000314-0,1,4,6,9,11,15,16,18,20,23,37,64,126
00000315-0,1,4,16,20,23,67,121,136,138,143,148
00000316-0,1,4,6,9,11,16,18,19,20,23,86,99,136
00000317-0,1,4,6,15,16,18,20,25,29,68,86,99,100,126,135,147
00000318-0,1,4,6,9,15,16,18,19,20,23,24,29,37,40,65,86,98,143,148
00000319-0,1,4,16,19,20,23,67,136
00000320-0,1,4,15,16,18,19,20,23,37,100
00000321-0,1,4,6,9,11,16,18,20,23,37,64,72,83,99,126,134,136,138,149
00000322-0,1,4,6,16,19,20,37,100
00000323-0,1,4,6,9,11,16,18,19,20,23,25,65,86,138
00000324-0,1,4,9,11,15,16,18,19,20,24,29,42,50,67,121,143,148
00000325-0,2,3,13,33,117
00000326-0,3,5,10,22,70,141
00000327-0,2,3,18,44,53
00000328-0,1,4,6,15
00000329-0,1,2,4,6,9,15,116
00000330-0,1,4,6,8,16,19,36,40
00000331-0,1,4,8,34,37,58,67,68,136,149
00000332-0,1,4,8,9,20,29,34,37,42,93,99,116,147
00000333-0,1,2,3,5,14,18,22
00000334-0,2,3,7,42,54,85,123
00000335-0,2,5,7,10,18,53,126
00000336-0,1,4,9,11,25,41,42,99
00000337-0,3,13,14
00000338-0,1,4,6
00000339-0,1,4,6,83
00000340-0,1,15
00000341-0,1,4
00000342-0,4,6,13,39,97,148
00000343-0,3,5,14,17,18,22
00000344-0,1,4
00000345-0,1,2,3,5,7,10,13,14,17,18,22,35,44,53,120
00000346-0,1,4,6,9,13,15,16,20,32,44,78,83
00000347-0,1,4,6,13,15,16,28,32,37,78,145
00000348-0,1,2,3,4,5,6,7,13,18,21,27,39,43,70,73,77,99,116,141
00000349-0,2,3,5,10,17,67
00000350-0,3,5,17,30
00000351-0,3,14,17,18
00000352-0,2,3
00000353-0,1,4,6,46
00000354-0,1,4,42,99,116,121
00000355-0,1,19,28,32,37
00000356-0,1,4,6,11,13,15,23,42,138,143
00000357-0,5,14,33,54
00000358-0,1,18,25,126
00000359-0,2,3,5,7,18,44
00000360-0,2,3,5,10,33,52,103
00000361-0,5,14
00000362-0,5,18,127
00000363-0,5
00000364-0,3,5,10,14,18
00000365-0,3,5,14
00000366-0,5,10,13,53
00000367-0,3,5,7,10
00000368-0,2,3,10,16,33,70
00000369-0,2,3,5,10
00000370-0,2,3,5,7,14,21,33,44,62,88
00000371-0,1,4,72
00000372-0,1,4,6,11,19,48,51,72,125
00000373-0,1,4,9,16,24,90
00000374-0,1,4,6,9,19,23,37,57,65,83,98
00000375-0,1,4,6,9,15,16,20,23,24,37,90
00000376-0,1,4,6,9,11,13,16,20,24,25,34,46,57,83,120
00000377-0,1,4,6,9,20,43,57,79,83
00000378-0,1,4,6
00000379-0,1,4,6,9,11,16,21,23,25,42,64,83,99,149
00000380-0,1,2,4,6,21
00000381-0,3,5,7,18,21,26
00000382-0,1,2,3,5,7,10,13,21,33,44,94,145,150
00000383-0,2,3,7
00000384-0,1,2,3,5,10,14,16,18,20,26,54,70,107,126
00000385-0,1,4,6,13,15,16,25,42,46,68,99,113,116,140
00000386-0,1,3,4,5,6,9,99
00000387-0,1,2,3,10,13,14,26,54
00000388-0,3,13,17,18
00000389-0,3,5,10,17,18,22,35,47
00000390-0,3,13,17,22,33,53
00000391-0,1,4,6,13,23,86
00000392-0,1,6,18,43
00000393-0,1,3,5,10,26,33
00000394-0,3,17,22,35
00000395-0,1,4,9,11,13,28
00000396-0,1,4,6,28,70,83
00000397-0,1,4,6,15,24,65
00000398-0,1,4,6,9,21
00000399-0,3,5,13,17,22,77
00000400-0,1,4,11,28,42
00000401-0,5,30
00000402-0,3,5,14,18
00000403-0,2,3,17,55
00000404-0,1,2,3,5,7,21,33,44,73,88,91
00000405-0,2,3,5,7,21,33,62,88
00000406-0,3,7,26,33,69,88
00000407-0,3,5,7,21,33,44,62,88,94
00000408-0,3,7,44,69
00000409-0,3,5,7,17,21,30,33,44
00000410-0,2,3,5,7,12,21,33,62,88,94
00000411-0,3,5,7,10,12,18,21,44,69,88,103
00000412-0,3,5,7,21,44,62,88
00000413-0,3,5,7,10,21,30,62,84
00000414-0,1,3,7,14,17
00000415-0,3,5,7,9,21,62,88
00000416-0,3,5,7,21,62,69
00000417-0,1,3,5,7,21,39,62,94,95,101
00000418-0,2,3,5,7,10,14,21,44
00000419-0,5,30,69
00000420-0,1,4,6,8,9,16,19,20,23,42,63,68,83,109,139
00000421-0,1,4,9,20,25,34,37,42,68,75,144
00000422-0,1,4,34,64,76
00000423-0,1,4,9,11,15,20,23,34,42,64
00000424-0,1,4,6,9,15,18,19,28,29,34,37,68,76,83,126,136
00000425-0,1,4,6,19,24,83,131,140
00000426-0,2,3,5,7,10,12,18,88
00000427-0,2,3,5,13,17,22,35,44,53,61
00000428-0,1,2,4,5,18,33,38
00000429-0,1,4,6,15,16,20,23,44,79,83
00000430-0,1,4,6,8,15,16,20,23,37,58
00000431-0,1,4,8,16,19,20,36,42,58,65,147
00000432-0,1,4,8,15,16,24,29,37,40,58,82,107
00000433-0,1,4,8,15,16,25,37,45,58,68,135
00000434-0,1,4,6,8,16,23,31,135
00000435-0,3,5,10,12,18,26
00000436-0,3,5,10,18,26,53,54,94,126
00000437-0,2,3,5,10,12,26,84
00000438-0,3,5,14,21,26,53,54,96
00000439-0,1,4,6,13,56,99,145
00000440-0,1,6,13
00000441-0,2,3,5,13,21,26,88
00000442-0,3,5,13,14,69
00000443-0,3,5,14
00000444-0,1,4,9,13,16,18,20,23,37,127,143
00000445-0,2,3,5,10,17,18
00000446-0,3,14,17,27,35
00000447-0,1,4,9,22,43,96
00000448-0,1,4,6,9,11,15,18,19,67,82,83,111,113,122,126
00000449-0,1,4,6,15,20
00000450-0,1,4,8,16,42,111
00000451-0,2,3,5,13,18,35,61
00000452-0,2,3,4,5,10,33,96
00000453-0,3,5,18
00000454-0,1,2,3,5,13,14,18,53,73
00000455-0,3,5,10,14,26,33
00000456-0,1,4,6,9,11,15,16,19,20,25,83,109
00000457-0,2,12,54,67,89,103,124,136
00000458-0,1,3,4,6,9,11,14,17,36,74,96
00000459-0,1,4,9,11,15,19,45,48,72,119,134
00000460-0,1,4,6,11,18,19,20,29,51,67,72,83,113,119,126,136,143,149
00000461-0,1,4,6,11,20,23,42,48,51,67,72,83,99,116,125,136,138,143,148
00000462-0,1,6,11,15,45,48,51,83,108,125
00000463-0,1,4,6,11,15,20,23,48,51,67,72,83,99,119,125,130,134,136,143,148
00000464-0,1,4,9,11,15,25,29,45,48,82,99,108,119,134
00000465-0,1,4,6,11,48,72,125
00000466-0,1,6,11,23,48,51,67,72,83,113,125,136,138
00000467-0,1,6,11,48,72,113,125,130,134
00000468-0,1,4,6,9,11,15,48,51,72,134
00000469-0,1,6,9,11,19,48,67,72,74,99,113,121,134,136,138,148
00000470-0,1,4,9,11,48,64,72,83,99,134,143,148
00000471-0,1,4,6,11,37,48,51,72,74,111,125,130,143
00000472-0,1,4,6,9,11,15,16,18,20,51,67,68,72,83,99,111,119,121,125,136,138,143,148
00000473-0,1,4,6,9,11,18,37,48,51,67,72,83,99,111,125,130,134,136
00000474-0,1,4,6,9,11,15,48,64,72,83,119,125,130,134
00000475-0,1,4,6,11,15,16,48,51,72,119,125,130
00000476-0,1,6,11,45,46,48,51,72,125,130,138
00000477-0,1,4,6,9,11,15,16,23,29,51,74,83,113,125,134
00000478-0,1,4,6,9,11,23,29,51,72,83,139
00000479-0,1,11,42,51,72,134,143
00000480-0,1,4,6,11,15,25,48,51,72,119
00000481-0,1,4,9,16,19,20,41,68,72,125
00000482-0,1,4,11,16,18,23,28,29,45,48,71,82,99,135,138
00000483-0,1,4,11,29,51,72,125,130,138
00000484-0,1,9,18,25,48,126
00000485-0,1,4,6,9,11,15,16,18,20,37,48,74,83,119,126,134,143
00000486-0,1,4,9,11,19,48,72,119,125
00000487-0,1,11,72,99,108
00000488-0,1,4,6,9,11,16,48,51,83,125
00000489-0,1,4,6,11,15,20,34,76,83,139
00000490-0,3,5,10,13
00000491-0,1,2,3,5,10,21,26,60,77,129
00000492-0,3,5,10,18,129
00000493-0,1,4,6,13,15,39,43,60,83
00000494-0,3,13,27,55
00000495-0,1,4,6,9,11,13,16,44,99,101,108,113,116,145
00000496-0,2,3,5,10,13,43
00000497-0,1,4,34,75
00000498-0,1,2,3,5,7,14,18,22,33,35,44,53,88
00000499-0,1,4,6,13,16,20,43,63,68,83
00000500-0,13,20,27,70,77,88,104,150
00000501-0,3,5,10,14,15,18,22,26,35,44,122
00000502-0,1,2,3,5,10,18,21,26,53,54,150
00000503-0,1,2,3,7,13,14,17,26,27,54,69
00000504-0,2,7,12,44,124
00000505-0,4,16,19,29,121,143,148
00000506-0,1,4,11,16,24,25,29,37,67,76,90,136
00000507-0,1,4,5,6,9,15,18,23,24,26,29,39,40,43,65,83,99,126,132,138,148
00000508-0,1,4,9,16,24,40,65
00000509-0,1,4,6,9,11,18,23,25,29,31,40,50,64,65,83,126,140
00000510-0,1,4,6,9,11,15,16,23,24,28,29,31,37,40,50,68,138
00000511-0,1,4,6,9,11,15,19,23,24,25,31,68,90,147
00000512-0,1,4,6,9,16,18,19,24,29,31,37,40,50,65,99
00000513-0,1,4,6,11,15,24,50,65,83,122
00000514-0,1,4,6,11,15,16,18,20,23,24,29,36,37,39,40,60,83,96,113,126,132,135,136
00000515-0,1,4,6,9,16,18,20,23,24,28,37,50,65,83
00000516-0,1,3,4,5,6,9,11,15,18,19,23,24,29,31,37,40,64,65,67,83,98,136,140
00000517-0,1,4,6,9,11,15,18,24,29,31,37,40,65,126
00000518-0,1,4,9,16,18,19,20,23,24,29,31,37,40,65,67,113,126,136
00000519-0,1,4,6,18,23,24,25,37,40,42,50,67,68,83,113,136,149
00000520-0,1,4,6,9,16,18,20,23,24,29,31,37,40,42,43,65,68,126
00000521-0,1,4,6,9,11,16,18,19,20,23,25,29,37,40,42,65,68,86,135,136
00000522-0,1,4,6,9,16,23,24,37,40,65,83
00000523-0,1,4,6,9,11,15,24,31,50,65,67,68,98,135,136
00000524-0,1,4,9,15,16,24,29,31,37,65,67,136
00000525-0,1,4,6,9,11,16,20,23,24,28,29,37,40,48,65,67,90,99,113,136
00000526-0,1,4,6,9,11,15,16,18,20,23,24,29,37,39,40,60,72,78,83,99,119,126,135
00000527-0,1,3,4,5,6,11,12,15,16,20,21,23,24,29,36,37,40,51,65,83,90
00000528-0,1,4,16,23,24,40,67,68,113,132,136,143
00000529-0,1,4,6,9,11,16,19,20,23,24,29,37,40,65,76,83,90
00000530-0,1,4,6,16,18,24,29,37,42,43,65,67,68,126,136,148
00000531-0,1,2,4,6,9,11,13,15,16,18,20,23,24,25,29,37,39,40,43,46,48,65,83,99,138,143,148
00000532-0,1,4,6,9,15,16,18,20,23,24,29,31,37,40,51,68,83,98,126,132
00000533-0,1,4,6,15,16,29,37,42,109
00000534-0,1,4,5,6,16,20,24,29,37,43,65,86
00000535-0,1,4,6,11,15,19,44,54,70,86,101,135
00000536-0,1,15,93
00000537-0,2,3,5,85
00000538-0,3,5,18,26,67,126
00000539-0,3,5,7,10,21,26,54
00000540-0,2,3,12,13,28,88,116,139
00000541-0,3,5,95
00000542-0,1,4,28,140,150
00000543-0,1,2,3,12,35
00000544-0,1,4,6,9,16,37,43,111
00000545-0,2,3,7,13,17
00000546-0,1,5,17,92
00000547-0,1,2,3,5,18,26,53
00000548-0,1,2,3,22,27,53,85
00000549-0,2,3,5,14,54
00000550-0,3,14,17,22
00000551-0,1,4,13,15,29,54,149
00000552-0,2,3,5,7,12,16,20,21,88,124,139
00000553-0,3,14,17,18
00000554-0,3,5,17
00000555-0,3,13,14,17,35
00000556-0,3,5,13,17,18,53
00000557-0,3,13,17,35
00000558-0,3,17
00000559-0,3,13,14,17
00000560-0,2,3,5,17,26
00000561-0,1,4,6,32,54,131,135
00000562-0,1,4,13,23,32
00000563-0,1,13,43
00000564-0,2,3,5,12,13,18,126,149
00000565-0,1,4,6,9,15,83
00000566-0,1,15,42
00000567-0,2,12,13,21,44,54,94
00000568-0,2,3,5,7,16,17,18,30,35,44,53,101,126,139
00000569-0,2,3,5,7,14,18,33,88
00000570-0,2,3,5,7,12,14,17,18
00000571-0,2,3,5,7,10,12,18,21,44,60,88,96,103
00000572-0,2,3,5,10,13,43,53,88,94,116
00000573-0,1,2,3,5,7,9,12,14,15,17,18,21,39,44,135
00000574-0,2,3,5,17,30
00000575-0,1,4,58,96,113,122
00000576-0,2,12,13,20,44
00000577-0,2,3,5,10,12,14,18,21
00000578-0,1,6,23,60,96
00000579-0,1,2,3,5,10,12,13,14,54,83,88,96,149
00000580-0,2,9,12,13
00000581-0,2,3,14,54,96
00000582-0,2,3,5,7,17,33,35,53
00000583-0,2,3,5,7,9,12,13,18,21,37,88,126
00000584-0,1,2,3,13,18,64
00000585-0,2,3,5,12,13,53,54,124,126,128
00000586-0,2,3,5,13,27,77
00000587-0,2,44,54,88
00000588-0,1,2,3,5,12,18,26,54,96
00000589-0,2,10,14,18,53,94
00000590-0,2,3,5,7,10,12,13,17,21,73,88
00000591-0,1,4,14,15,18,33,139
00000592-0,2,3,10,13,18,53,88
00000593-0,1,2,3,5,7,13,18,21,33,44,70,88,139
00000594-0,2,3,5,22,62,77,88,141
00000595-0,1,3,5,7,12,17
00000596-0,2,3,5,17,22
00000597-0,2,3,5,7,12,13,44,88,94,128
00000598-0,1,3,5,7,14,18,35,44
00000599-0,3,5,10,12,14,18,26
00000600-0,1,4,6,13,25,41,83
00000601-0,1,4
00000602-0,1,4,6,15,39,60
00000603-0,1,3,10,18,26,54
00000604-0,3,5,12,23,33,44,73,80
00000605-0,1,4,6,9,16,18,19,20,24,29,31,37,40,50,67,86,132,136,143
00000606-0,1,4,9,23
00000607-0,1,4,6,13,15,83,102
00000608-0,3,14,17,35
00000609-0,1,16,20,68,145
00000610-0,13,16,63,68,99
00000611-0,5,10,13,22,77
00000612-0,10,14,33,35,127
00000613-0,1,4,11,15,36,42,51,83,113
00000614-0,5,14
00000615-0,1,7,17,21
00000616-0,1,4,13,16,116
00000617-0,2,3,7,21
00000618-0,1,4,6,9,13,16,20,37,63,68,86
00000619-0,2,3,5,7,10,12,13,21,94
00000620-0,4,13,41,67,122,133
00000621-0,1,4,6,13,16,68,83
00000622-0,1,4,9,15,19,44,66,96
00000623-0,13,25,42,46
00000624-0,3,5,14,22,127
00000625-0,3,5,18,22
00000626-0,5,35,61,114
00000627-0,25,68
00000628-0,1,3,5,53
00000629-0,1,6,15,32,44,83,102,111
00000630-0,1,4,6,9,32
00000631-0,1,4,6,13,15,20,83,135
00000632-0,5,10,18,129,141
00000633-0,3,5,7,9,10,21
00000634-0,2,7,14,27,77,104
00000635-0,1,8,19,25
00000636-0,1,4,11,16,25,75,76,89,142,144
00000637-0,1,4,6,13,78,86
00000638-0,1,2,3,10,13,17
00000639-0,1,4,42,45,58,67,113,118
00000640-0,1,4,6,9,15,31,40,45,109,118
00000641-0,1,4,23,29,37,45,118
00000642-0,2,3,5
00000643-0,2,3,5,7,9,10,15,17,18,26
00000644-0,1,4,20,34,75
00000645-0,1,4,13,34,42,63,75,142
00000646-0,1,4,9,20,23,34,37,63,68,76,136,149
00000647-0,1,4,6,9,16,18,20,34,42,63,68,76,144
00000648-0,1,4,9,11,25,34,37,42,68,75,76,135
00000649-0,1,4,6,9,11,15,20,34,44,48,75,83,101,111,135,139
00000650-0,2,3,5,7,12,13,21,44,137
00000651-0,1,4,6,13,83
00000652-0,3,35,127
00000653-0,3,5,7,10,12,21,44,62,81,88,94,137
00000654-0,2,18,33,35,53,107
00000655-0,1,4,6,9,16,20
00000656-0,2,13,18,20,87,126
00000657-0,1,4,18,31,37,113,116,126
00000658-0,5,18
00000659-0,5,13,14,16,18,20,116
00000660-0,1,2,3,5,10,12,14,26,27,53
00000661-0,1,4,16,42,99,121,143
00000662-0,1,3,5,7,12,17,18,44,88,137
00000663-0,3,7,10,22,44,69
00000664-0,2,3,5,10,30,53
00000665-0,1,13,14
00000666-0,1,3,4,13,42,84
00000667-0,1,3,5,7,10,26,88
00000668-0,3,5,14
00000669-0,3,5,7,21,80
00000670-0,2,3,7,10,14,55,91
00000671-0,1,2,3,5,7,33,39
00000672-0,1,2,13,17,53,54,127,128
00000673-0,1,4,6,9,18,19,23,24,31,37,40,65,67,100,136
00000674-0,3,5,14,18,33
00000675-0,3,5,14,18,69
00000676-0,2,5,7,10,115
00000677-0,2,3,5,10,12,53
00000678-0,3,5,7,21
00000679-0,4,12,13,15,21,44,88,124
00000680-0,1,4,9,11,15,16,18,20,23,67,126,136
00000681-0,5,13,14,113
00000682-0,1,2,3,5,7,10,18,33,44,53
00000683-0,2,5,10,18,70
00000684-0,1,4,6,123
00000685-0,1,13,34,75,142,144
00000686-0,1,2,3,5,22,141
00000687-0,1,2,3,5,10,12,13,18,43,54,126
00000688-0,1,4,6,9,11,18,42,64,99,126,138
00000689-0,1,4,11,42,68,99,116,136,148
00000690-0,2,3,5,10,12,18,70,139
00000691-0,10,13,18
00000692-0,3,5,10,18,133
00000693-0,2,3,5,14,129
00000694-0,1,4,6,15,21,43
00000695-0,2,3,5,10,12,44,88
00000696-0,2,3,5,7,10,14,17,18,21,88,94,103,124
00000697-0,1,4,6,9,15,16,18,23,24,28,40,43,50,65,67,136
00000698-0,1,4,11,15,16,19,20,23,24,34,37,50,65,144,147
00000699-0,1,4,15,16,18,19,23,24,28,29,31,50,67,126,136
00000700-0,1,4,6,11,16,19,20,23,37,39,50,68,109,136
00000701-0,3,17,30,53,94
00000702-0,3,5,30,127
00000703-0,3,10,17,127
00000704-0,1,4,6,13,25,41,42,56,83,99,101,124
00000705-0,1,4,6,9,16,76,83
00000706-0,2,3,5,7,12,18,88
00000707-0,2,3,5,7,13,14,22,47,69,77,128
00000708-0,1,4,6,11,16,20,37,42
00000709-0,1,4,6,9,16,29,31,42,68,70,83,90,109
00000710-0,2,12,13,15,16,20,67,87,88,124
00000711-0,2,3,12,85
00000712-0,2,3,4,13,27,33,47
00000713-0,1,4,9,23,57,120
00000714-0,1,4,6,23,37,57,83,90
00000715-0,1,4,6,9,13,19,44,57,83
00000716-0,1,4,6,9,13,15,57,86
00000717-0,1,4,9,15,16,19,20,37,57
00000718-0,1,3,4,6,20,27,39
00000719-0,1,15,37
00000720-0,2,10,88,105
00000721-0,2,5,10,39
00000722-0,3,14,18,26,54,83
00000723-0,1,4,13,16,20,34,63,68,142
00000724-0,1,4,6,9,11,20,25,37,46,67,70,83,90,116,135,136,142
00000725-0,1,4,6,13,15,46,67,83,136
00000726-0,1,4,6,13,15,20,23,46,65,83,142
00000727-0,2,3,5,18
00000728-0,1,4,6,13,15,16,20,66,143
00000729-0,2,3,4,16,18,20,27,37,39,99,126,148
00000730-0,1,4,15,44
00000731-0,3,5,14,22,26,73
00000732-0,5,35,61
00000733-0,3,5,17,18,35
00000734-0,1,4,6,9,13,15,122
00000735-0,1,2,3,5,7,12,14,21,81,105
00000736-0,1,2,3,5,7,10,18,21,44
00000737-0,3,5,7,10,12,18,21,44,94
00000738-0,2,3,14,17
00000739-0,3,5,17,30,55,91
00000740-0,3,5,10
00000741-0,13,33,42,47,109
00000742-0,1,4,70
00000743-0,2,3,5,10,13,18,21,53
00000744-0,13,27,35,44,47
00000745-0,1,6,9,16,37,42,99
00000746-0,1,4,6,25,42,54,99,116,125
00000747-0,1,4,6,13,16,32,41,67,83,101
00000748-0,1,4,13,16,19,20,25,41
00000749-0,1,4,5,6,9,13,39,41,83
00000750-0,1,23,82,146
00000751-0,1,4,67,122,136
00000752-0,2,3,5,7,14,17,21,44
00000753-0,3,13
00000754-0,2,3,7,13,44,49,103
00000755-0,2,3,5,49,73
00000756-0,2,3,7,49,61,77
00000757-0,2,3,49,85,149
00000758-0,2,3,7,49
00000759-0,2,3,5,49
00000760-0,2,3,49
00000761-0,2,3,5,49
00000762-0,2,3,49
00000763-0,2,3,5
00000764-0,3,49
00000765-0,2,3,49
00000766-0,2,3
00000767-0,2,3,49
00000768-0,3,5,9,13,54,61,77,94
00000769-0,3,5,13,17,69
00000770-0,1,3,17,22
00000771-0,2,13,27,52,77
00000772-0,1,6,13,32,102
00000773-0,1,6,15,37,39,43,60,83
00000774-0,1,4,6,39,60,96,135
00000775-0,1,4,6,16,20,23,39,60,83
00000776-0,1,3,5,14,103
00000777-0,2,3,5,7,12,13,21,44,84,88,94,103,128
00000778-0,2,5,7,12,13,20,44,88,128,137,139
00000779-0,2,3,5,7,12,13,21,87,88,137
00000780-0,1,2,5,7,12,15,18,21,39,44,60,88
00000781-0,2,3,5,7,12,13,21,44,81,88,103,116,126,137,150
00000782-0,2,5,7,12,13,124,139
00000783-0,2,3,5,7,10,13,18,21,33,54,94,139
00000784-0,2,3,7,12,13,21,81,88,128
00000785-0,2,3,7,9,12,13,18,20,21,31,33,39,44,87,88,117,124,126,137
00000786-0,2,3,5,7,12,13,21,33,44,88,94
00000787-0,1,2,3,5,7,12,21,44,54,88,94
00000788-0,2,3,5,7,12,21,33,44,87,88,94,103,124,150
00000789-0,1,2,5,7,12,13,21,44,94,126,128
00000790-0,2,3,7,12,13,21,44,88,124
00000791-0,2,3,5,7,9,10,12,14,15,18,21,44,88,126,148,150
00000792-0,1,2,3,5,7,10,12,13,18,21,44,94,139
00000793-0,2,7,12,13,21,44,88,150
00000794-0,2,7,12,13,44,88,124
00000795-0,2,5,7,12,21,87,124,139
00000796-0,2,5,7,12,13,14,44,70,94,128,137
00000797-0,2,3,5,7,10,12,18,21,44,88
00000798-0,1,2,3,5,7,12,13,15,44,54,88,148,150
00000799-0,2,3,5,7,12,13,21,44,88,94,103,137
00000800-0,2,3,5,12,13,21,83,96
00000801-0,2,7,12,13,21,44
00000802-0,1,2,3,5,7,12,15,21,33,39,44,88,122,124,137,150
00000803-0,1,2,3,5,7,12,13,18,21,44,88,137
00000804-0,2,3,5,7,12,13,44,88,103
00000805-0,2,3,5,7,10,12,21,44,88
00000806-0,2,3,5,7,12,13,21,33,44,88
00000807-0,2,3,5,7,10,12,13,21,44,73,81,88
00000808-0,2,3,5,7,12,21,54,87,88,94,126,139
00000809-0,2,7,12,13,18,44,124
00000810-0,1,2,3,5,7,12,21,54,124,135
00000811-0,1,2,3,5,7,10,21,53,94
00000812-0,2,3,7,12,13,21
00000813-0,1,2,3,5,7,10,12,21,44,87,88,139
00000814-0,2,3,5,7,12,21,44,54
00000815-0,2,12,13,18,64,87,88,94,117,124,126,139
00000816-0,2,3,7,12,13,21,44
00000817-0,2,3,7,12,13,44,88,116,128
00000818-0,2,3,7,12,21
00000819-0,2,3,7,9,12,13,18,21,44,81,84,88,103,123,124,126,137,139,145
00000820-0,2,3,5,7,12,94,117
00000821-0,2,3,5,7,13,21,41,44,88,116,124
00000822-0,2,5,7,12,13,21,44,70,84,88,117,128,137
00000823-0,2,3,7,13,21,44,88,116
00000824-0,1,2,3,5,7,12,18,88,122
00000825-0,2,3,5,7,12,13,21,44,84,88,94,137
00000826-0,2,3,5,7,12,13,21,44,88,94,103,124,128,137,150
00000827-0,1,2,3,5,7,12,17,21,30,39,73,88
00000828-0,2,3,5,7,12,13,18,21,44,84,88,94,128,137
00000829-0,1,2,3,5,7,12,15,17,18,21,88
00000830-0,1,2,3,7,12,15,18,21,33,54,88,94,96,117,122
00000831-0,2,3,5,7,13,21,44,73,88,94,103,137
00000832-0,2,3,5,12,13,18,33,126
00000833-0,2,7,12,13,44,94,117,124
00000834-0,1,2,3,5,7,12,13,21,39,44
00000835-0,2,3,5,7,12,21,33,44
00000836-0,2,3,5,7,12,13,18,21,42,44,87,88,94,103,126,128
00000837-0,2,3,5,7,10,12,13,18,21,44,70,87,88,103,137,139
00000838-0,2,3,5,7,12,21,33,44,139
00000839-0,2,5,7,12,14,18,41,44,53,54,88,124,137
00000840-0,2,3,5,7,12,33,44,54,60,94,137,139
00000841-0,2,5,7,12,13,18,21,44,88,103,117,137,139
00000842-0,2,5,7,12,13,21,43,70,88,94,103,124,126,128,150
00000843-0,2,3,7,12,13,21,44,84,87,88,94,103,116,124,150
00000844-0,2,3,5,7,12,18,21,33,96,139
00000845-0,2,3,5,7,12,13,21,54,87,88
00000846-0,2,3,12,13,44,87,88,124,139
00000847-0,2,3,7,12,13,39,44,87,88,103,117,124,139
00000848-0,2,5,7,12,13,21,33,44,88
00000849-0,2,3,5,7,12,13,18,21,33,44,88,116,124
00000850-0,5,7,12,13,18,21,81,94
00000851-0,2,3,5,7,12,13,18,21,44,54,60,88,128
00000852-0,2,3,5,7,12,21,33,44,54
00000853-0,2,3,5,7,12,13,18,21,44,88,139
00000854-0,2,5,7,12,13,21,44,124
00000855-0,1,2,3,5,7,12,13,20,21,84,87,88,94,96,99
00000856-0,2,3,5,7,12,13,18,33,44,54,87,94,96,137
00000857-0,2,5,7,12,13,19,21,33,44,88,94,111,117,139
00000858-0,2,3,5,7,12,18,21,44,88,111,150
00000859-0,2,3,5,10,12,13,44,64,70,84,87,88,89
00000860-0,1,2,3,5,7,12,15,21,28,44
00000861-0,2,3,7,12,13,41
00000862-0,2,3,7,12,13,21,44,87,88,124,150
00000863-0,2,3,7,12,18,21,94
00000864-0,2,3,7,12,13
00000865-0,2,3,7,12,17,18,44,85,88,103
00000866-0,2,3,5,7,12,21,88,103
00000867-0,2,3,7,12,13,18,21,33,81,103
00000868-0,2,3,7,9,12,13,44
00000869-0,2,3,7,12,13,21,84,87,117
00000870-0,2,3,5,7,12,21,103
00000871-0,2,3,7,12,13,21,44,88,137
00000872-0,2,7,12,13,17,21,103
00000873-0,2,3,7,13,17,21,44,88
00000874-0,3,5,14,17,84,92
00000875-0,1,4,6,9,15,32,83,94
00000876-0,1,4,6,13,83
00000877-0,1,3,4,5,9,20,39
00000878-0,1,44,113
00000879-0,1,4,6,37,78,83,99,111
00000880-0,1,4,6,9,18,28,83,96,110,139,149
00000881-0,1,3,4,16,20,27,110
00000882-0,2,3,5,7,13,88
00000883-0,1,4,5,9,13,15,16,18,20,23,67,126
00000884-0,3,10,13
00000885-0,1,4,6,9,15,83
00000886-0,1,4,6,15,32,44,83
00000887-0,1,6,32,42,102,111
00000888-0,1,4,6,15,19,31,86,107,111
00000889-0,3,5,7,10,21,33,44,88,94,137
00000890-0,2,3,9,13,14,18,41,44,85,94,126,149
00000891-0,2,3,73,149
00000892-0,2,3,5,7,10,12,18,21,122,150
00000893-0,1,4,41,42,109
00000894-0,2,3
00000895-0,1,2,4,6,9,13,32,37,135,139
00000896-0,13,14
00000897-0,1,3,6,7,12,21
00000898-0,1,6,11,16,25,108,113
00000899-0,1,4,9,11,15,108,125
00000900-0,3,5,30
00000901-0,1,4,6,9,28,32,83
00000902-0,1,4,15,33,52
00000903-0,1,13,16
00000904-0,4,25,101
00000905-0,1,2,3,5,17,30
00000906-0,1,4,6,13,37
00000907-0,1,4,6,16,20,32,83
00000908-0,1,4,6,18,20,23,34,83,126
00000909-0,1,4,15,16,23,24,31,39,86
00000910-0,1,4,6,9,16,19,31,83,101
00000911-0,1,4,11,16,18,20,23,44,65,67
00000912-0,1,4,6,96
00000913-0,1,4,6,25
00000914-0,1,4,6,15,42,44,149
00000915-0,1,3,9
00000916-0,3,5,14,15
00000917-0,1,2,3,5,10,14,17,22,123
00000918-0,5,35,114
00000919-0,13,17,18,22,114
00000920-0,1,2,3,5,7,21,60
00000921-0,1,4,11,15,28,37,48,50,64,122
00000922-0,1,4,6,18,43,83,126
00000923-0,1,4
00000924-0,3,13,30,53
00000925-0,1,4,6,9,19,23,32,40,83
00000926-0,1,4,9,31,32,40,67,136,143
00000927-0,1,4,6,13,43,112
00000928-0,1,4,6,9,54,123
00000929-0,1,9,16,23,28,42,99,126
00000930-0,4,6,37,52
00000931-0,2,3,5,10,13,16,18,53,87
00000932-0,1,4,8,9,16,19,58
00000933-0,1,4,6,8,9,58,147
00000934-0,5,18,33,54,127
00000935-0,1,4,6,13
00000936-0,3,5,95
00000937-0,1,4,11,28,29,48,59,71,82,83,99,138
00000938-0,2,3,27,47,73,77
00000939-0,1,4,6,8,9,11,16,19,37,40,42,45,58,67,136
00000940-0,1,4,8,11,15,37,39,45,58,132,149
00000941-0,3,5,14,61,62
00000942-0,1,4,6
00000943-0,1,4,13,48,99,123
00000944-0,1,149
00000945-0,2,3,27
00000946-0,1,4,6,13,16,75,76,83,144
00000947-0,1,4,6,13,15,16,20,29,37,60,75,76
00000948-0,13,17
00000949-0,1,4,16,20,23,28,29,37,40,42,67,86,99,135,136,143,147,148
00000950-0,1,4,9,16,18,19,20,23,64,67,86,143,148
00000951-0,1,4,6,16,20,23,28,29,43,66,67,86,136
00000952-0,1,44
00000953-0,3,5,30,88
00000954-0,1,4,6,15
00000955-0,5
00000956-0,3,5,10,18,53
00000957-0,14,17
00000958-0,3,7,17,30
00000959-0,1,4,6,8,16,23,135,149
00000960-0,1,4,6,8,9,11,16,19,23,37,42
00000961-0,1,4,6,8,16,20,23,25,37,65,149
00000962-0,1,4,6,9,11,15,20,23,37,51,72,74,83,125
00000963-0,1,4,6,9,11,16,18,19,25,37,42,48,68,72,90,119,126,138,149
00000964-0,3,5,14,18,22
00000965-0,1,4,6,9,11,15,16,19,20,24,28,29,31,65,67,86,98,135,136,138
00000966-0,1,4,6,9,15,23,31,37,40,50,65,68,98,111,136
00000967-0,1,4,6,9,16,18,23,24,25,29,31,37,40,42,50,64,68,83,90,98,99,126,132
00000968-0,1,4,6,9,16,19,24,25,28,29,37,40,68
00000969-0,1,4,6,9,11,19,23,25,31,37,40,42,50,98,113,122,149
00000970-0,1,4,6,9,16,18,24,31,37,43,50,65,68,90,113,120,126
00000971-0,1,4,6,11,20,23,24,29,37,40,65
00000972-0,1,4,6,13,15,16,20,24,31,37,39,40,43,46,56,65,67,75,83,133,135,136
00000973-0,2,3,4,5,13,73,85
00000974-0,3,7,17
00000975-0,3,5,17
00000976-0,3,14,17
00000977-0,1,2,3,5,7,12,13,17,21,33,44,54,88
00000978-0,3,27,47
00000979-0,3,17,27
00000980-0,3,27,47,77
00000981-0,1,4,13
00000982-0,3,10,43,54
00000983-0,1,13,37,138
00000984-0,3,27,35
00000985-0,3,5,10,17,22
00000986-0,3,14,17,61
00000987-0,3,5,10
00000988-0,1,4,6,9,11,13,23,24,37,57
00000989-0,5,14,18,35,61
00000990-0,3,14,17,26
00000991-0,2,3,49,133
00000992-0,2,3,5,7,10,12,13,21,84,88,117,124,139
00000993-0,1,2,5,7,12,13,21,39,44,88,137,139
00000994-0,2,3,5,7,18,21,33,88
00000995-0,2,3,5,7,10,12,13,21,39,44,84,88,137
00000996-0,1,2,3,7,12,21,81,88,124
00000997-0,2,3,5,9,149
00000998-0,1,4,6,9,13,15,52,120
00000999-0,17,18,22,114
00001000-0,2,3,5,7,14,84,94
00001001-0,2,3,5
00001002-0,5,7,12,18,21,33,44,84,88,103
00001003-0,2,3,13,17,55,88,91
00001004-0,1,4,6,9,32
00001005-0,2,3,13,17,21,42,44,55,88,91
00001006-0,2,3,7,12,18,103,124,126,139
00001007-0,1,4,6,9,13,20,32,39,43,44,46,83,97,139
00001008-0,1,4,6,13,44,46,83,116,124,144,149
00001009-0,1,5,6,9,13,15,18,39,44,60,97,124
00001010-0,1,4,6,9,13,23,39,44,83
00001011-0,1,4,6,13,20,43,44,46,83,144
00001012-0,1,4,9,16,20,23,25,34,37,40,42,64,67,68,136
00001013-0,2,3,7,13,18,88,94,124,126,139
00001014-0,2,3,5,7,18,88
00001015-0,2,3,7,13,70
00001016-0,2,3,5,7,18,126
00001017-0,1,2,3,5,10,13,14,18,21,33,35,39,43,53,116,126
00001018-0,1,4,6,79,83,109,111
00001019-0,2,3,5,14,27,33,44,73,77,85,87,88,123,124
00001020-0,3,5,10,13,41
00001021-0,1,4,6,144
00001022-0,1,2,3,5,7,10,13,15,17,18,21,94,126
00001023-0,1,2,3,5,7,10,12,18,33,81,88
00001024-0,2,3,5
00001025-0,2,3,10
00001026-0,1,3,5,13,18,22,39,54,70,99,124
00001027-0,3,5,17
00001028-0,1,4,6,11,25
00001029-0,1,4,6,11,13,15,16,25,42,43,68,83
00001030-0,1,6,13
00001031-0,2,3,13,14,21,33,44,84,88,91,103
00001032-0,1,4,6,9,11,15,20,23,31,32,41,86,133
00001033-0,1,4,6,13,23,70,83,111
00001034-0,1,4,6,23
00001035-0,1,4,6,23,83,98
00001036-0,1,4,6,9,11,16,20,23,25,37,42,45,76,83,99,113
00001037-0,1,4,9,13,16,20,23,25,29,31,37,76,99
00001038-0,1,4,6,13,20,111,147
00001039-0,1,4,9,23,25,42,68,113
00001040-0,1,9,13,16,20,23,68,116
00001041-0,1,4,6,23,42,43,83,111
00001042-0,1,4,13,44,145
00001043-0,1,4,6,43
00001044-0,1,4,6,9,13,39,44,60
00001045-0,1,4,6,9,11,20,39,83,116,122,140
00001046-0,1,4,8,9,11,40,58
00001047-0,1,4,9,37,144
00001048-0,1,4,6,9,11,20,29,42,64,90,99,101,109,111,148
00001049-0,1,6,9,32,60,83,135
00001050-0,1,4,6,15,19,20,32,54,83,96,102
00001051-0,1,4,11,21,33,42
00001052-0,1,4,6,13,15,21,23,83,101,149
00001053-0,1,4,6,9,15,21,44,150
00001054-0,13,14,17,18,35,47
00001055-0,5,10,13,120
00001056-0,1,4,6,13,23,43,44,60,83,106
00001057-0,1,4,6,9,13,16,99,121,138
00001058-0,1,4,6,25,46,56,83,121,124,145
00001059-0,56,121
00001060-0,2,3,13
00001061-0,2,4,5,16,20,39,126
00001062-0,4,13,42,120
00001063-0,1,4,6,9,15,19,37
00001064-0,1,4,6,13,15,16,44,83,135
00001065-0,2,3,5,7,12,13,21,88,124,137
00001066-0,1,4,13,15,16,19,20,44,99,143
00001067-0,2,3,10,13,33
00001068-0,1,13,20,23,25,78,99,145,148
00001069-0,1,4,9,39,48,78,99,148
00001070-0,1,4,6,78,90,99,111,135,145
00001071-0,2,3,5,10,17,18
00001072-0,1,4,6,8,16,20,36,58
00001073-0,1,4,6,15,16,20,60,96,120,135
00001074-0,1,4,6,20,23,36,63,68,83,120,148
00001075-0,1,3,4,5,10,33,44,94
00001076-0,1,4,9,11,19,28,38,48,71
00001077-0,1,4,9,38,48,59,66
00001078-0,1,4,9,38,59,146
00001079-0,1,4,6,11,15,28,29,48,71,82,135
00001080-0,1,4,15,19,28,38,48,66,113,139
00001081-0,1,28,38,48,66,71,113,146,148
00001082-0,1,4,6,11,19,28,48,66,67,71,82,135,136,138
00001083-0,1,6,11,23,28,48,66,71,82,135,148
00001084-0,1,4,15,59,66
00001085-0,1,4,11,28,48,66,71,135
00001086-0,1,4,9,28,48,66,82,139
00001087-0,1,4,6,9,11,23,38,48,71,82,83
00001088-0,1,4,15,28,48,82,113
00001089-0,1,4,11,19,23,28,38,42,48,66,71,113
00001090-0,1,4,9,25,28,38,42,48,66,68,82,99,113,136,138
00001091-0,1,6,11,25,28,48,59,66,71,82,83,148
00001092-0,1,6,9,11,18,23,38,48,59,66,71,83,122,126,136
00001093-0,1,4,6,28,38,48,71,82,135,139,146
00001094-0,1,4,6,11,15,28,29,42,48,66,71,82,135
00001095-0,1,4,6,9,11,28,38,48,66
00001096-0,1,4,29,48,59,66,82
00001097-0,1,4,9,19,66,82
00001098-0,1,4,9,42,66,82
00001099-0,1,4,11,18,23,48,66,67,71,99
00001100-0,1,4,15,22,28,42,48,66,71,138,148
00001101-0,1,4,38,82,99
00001102-0,1,4,11,15,19,38,48,66,82,146,147
00001103-0,1,6,28,42,48,59,66,82
00001104-0,1,4,9,18,19,25,28,38,43,48,67,82,126,135,140
00001105-0,1,4,9,11,38,48,66,82
00001106-0,1,28,71
00001107-0,1,4,15,19,28,38,39,48,66
00001108-0,1,4,6,9,15,19,28,48,59,66,82,99
00001109-0,1,4,13,29,37,120
00001110-0,3,5,26,27,73,95
00001111-0,2,3,5,12,13,44,87,93,113
00001112-0,3,5,18,27,47,73
00001113-0,3,5,17,27,47
00001114-0,3,5,17,18,26,33,35,47
00001115-0,1,4,6,11,20,23,28,45,76,83,99
00001116-0,1,4,6,8,9,11,16,19,20,107
00001117-0,1,4,8,9,16,23,36,37,58,64,109
00001118-0,1,4,8,23,29,58,135
00001119-0,1,4,6,8,9,23,37,64,135,140
00001120-0,1,4,6,8,9,15,18,19,20,23,28,29,37,40,78,135,138,148
00001121-0,1,4,6,8,11,16,19,23,37,40,58,70,143
00001122-0,1,4,8,9,11,16,19,23,37,58
00001123-0,1,4,8,11,23,58,101,109,132
00001124-0,1,4,6,8,16,18,23,28,29,36,37,40,58,149
00001125-0,1,4,6,8,9,16,19,23,37,58,64
00001126-0,1,4,6,8,9,16,40,58,67,68,86,98,135,136,149
00001127-0,1,4,6,8,11,15,18,19,31,36,82,90,116,126
00001128-0,1,4,8,40,58,64
00001129-0,1,4,8,16,135
00001130-0,1,4,6,8,16,18,23,28,36,37,40,42,45,58,83,126,136,140,149
00001131-0,1,4,6,8,9,16,19,20,23,29,37,58,135,149
00001132-0,1,4,6,8,16,36,37,40,58
00001133-0,1,4,6,8,9,16,20,23,28,34,37,40,58,64,83
00001134-0,1,4,6,8,15,16,23,37,40
00001135-0,1,4,8,16,19,20,37,40,58,149
00001136-0,1,3,4,5,6,8,15,16,19,23,28,37,39,58,83,98,149
00001137-0,1,8,11,16,28,37,67,135,136
00001138-0,1,4,8,9,18,19,28,29,45,58,67,136
00001139-0,1,4,6,8,11,15,16,19,23,29,37,40,98,149
00001140-0,1,4,6,8,9,11,16,19,20,29,37,40,101,149
00001141-0,1,4,6,8,9,19,28,45,58,63,67,98,135
00001142-0,1,4,8,9,16,19,23,37,42,58,64,149
00001143-0,1,4,6,8,16,19,20,23,31,37,40,45,65,67,98,135,136
00001144-0,1,4,6,8,9,16,18,20,37,58,64,113,126
00001145-0,1,4,8,16,23,37,58,99
00001146-0,1,4,6,8,34,36,37,42,68,93,99,101,113,132,149
00001147-0,1,4,8,16,37,68
00001148-0,1,4,8,9,25,43
00001149-0,1,4,6,8,9,11,15,16,19,23,28,31,37,40,50,58,83,86,90,149
00001150-0,1,4,6,8,9,16,19,20,23,28,34,37,40,58,65
00001151-0,1,4,6,8,9,11,20,28,36,107,109,111,132
00001152-0,1,4,6,8,9,10,11,15,16,18,20,29,32,37,58,63,67,68,136
00001153-0,1,4,8,16,23,37,58,116,149
00001154-0,1,4,6,8,9,11,16,23,29,31,37,40,45,58,140,149
00001155-0,1,4,6,8,9,16,18,23,37,40,58,83,98,126,132,135
00001156-0,1,8,15,16,37,58,135
00001157-0,1,4,8,9,11,16,23,29,37,42,58,64,120,149
00001158-0,1,4,6,8,16,23,25,37,40,42,68,82,93,99,101,109,113
00001159-0,1,4,6,8,16,37,40,45,67,107
00001160-0,1,4,6,8,9,16,18,19,23,29,37,40,58,113,140
00001161-0,1,4,6,8,9,15,16,36,40,58,135,143,149
00001162-0,1,4,6,8,9,11,15,16,23,37,40
00001163-0,1,4,8,9,11,20,64
00001164-0,1,4,6,8,9,11,15,16,20,25,31,36,37,38,40,42,58,98
00001165-0,1,6,8,16,19,36,37,132,149
00001166-0,1,4,6,8,15,16,19,23,29,36,37,38,113
00001167-0,1,4,6,8,11,15,28,36
00001168-0,1,6,8,9,16,19,23,28,36,37,40,42,58,68,132,147,149
00001169-0,1,4,6,8,9,16,28,29,37,40,83
00001170-0,1,8,16,19,23,37,58,147,149
00001171-0,1,4,8,9,15,16,19,23,37,45,147,148
00001172-0,1,4,8,16,19,23,24,37
00001173-0,1,4,6,8,9,15,16,18,20,28,37,58,59,66,83,126
00001174-0,1,4,6,8,9,19,20,23,36,45,58,67,132,136
00001175-0,1,4,6,8,9,16,19,23,37,40,45,58,64,90
00001176-0,1,4,8,16,18,37,40,58,149
00001177-0,1,4,8,11,15,16,20,23,37,40,45,67,113,136
00001178-0,1,4,8,9,16,20,23,31,37,40,64,135
00001179-0,1,4,8,9,16,19,23,37,40
00001180-0,1,4,8,9,11,16,19,29,42,58,68,82,136
00001181-0,1,4,6,8,9,16,23,28,29,37,40,70,138
00001182-0,1,4,6,8,16,23,37,40,82
00001183-0,1,4,8,9,16,19,37,118
00001184-0,1,4,6,8,16,19,23,37,40,58,68,149
00001185-0,1,4,6,11,13,16,23,70,135
00001186-0,1,8,9,58,64,135
00001187-0,2,5,12,14,18,128
00001188-0,1,4,6,9,13,15,52,70,79
00001189-0,2,4,5,14,18,39
00001190-0,3,5,18,20,22,26
00001191-0,1,4,11,13,16,23,25,34,37,76,142
00001192-0,1,4,6,13,16,43,60,63,68,83,150
00001193-0,3,5,10,18
00001194-0,1,6,9,19,20,31
00001195-0,1,4,6,8,9,15,16,37,90,140
00001196-0,1,3,5,7,9,18,26
00001197-0,1,4,6,13,83,120
00001198-0,1,4,16,20,42,51,101,116,125
00001199-0,3,5,18,22,62,88
00001200-0,2,3,5,13,17,22,62
00001201-0,1,2,3,5,18
00001202-0,2,7,116
00001203-0,2,7,12,20,83,124
00001204-0,2,3,7,44,87,88,124
00001205-0,2,5,7,12,87,88
00001206-0,1,2,3,5,7,15,21,54
00001207-0,2,12
00001208-0,2,3,13,21,87,88,124
00001209-0,2,3,7,12,13,44,87,124
00001210-0,2,3,7,12,13,21,101,124,149
00001211-0,2,3,7,17,18,124,139
00001212-0,1,2,7,12,13,54,139
00001213-0,2,3,5,13
00001214-0,2,3,7,81
00001215-0,1,4,6,9,13,19,32
00001216-0,3,7,12,33,43,70,88,139
00001217-0,4,25,42
00001218-0,3,5,14,18,35,54,80
00001219-0,1,4,6,16,20,43,46,83,125
00001220-0,3,5,14,17,18,22,115
00001221-0,2,3,5,7,9,10,12,33,44,53,70
00001222-0,2,3,5,13,22,77
00001223-0,1,4,25,41,42,43,67,109,113,148,149
00001224-0,2,3,5,7,12,13,18,21,44,83,87,88,124
00001225-0,1,4,13,15,32
00001226-0,1,4,6
00001227-0,1,3,5,7,18,21,26
00001228-0,2,3,5,12,13,41,109
00001229-0,11,16,19,31
00001230-0,1,4,6,13,20
00001231-0,2,3,14,27
00001232-0,2,3,5,30
00001233-0,1,2,3,5,14,17,18,26
00001234-0,1,2,3,5,14,33
00001235-0,1,6,9
00001236-0,2,3,5,10,18,53
00001237-0,1,13,14
00001238-0,3,5,10
00001239-0,3,5,14,26
00001240-0,1,4,6,13,25,46,83,116,142
00001241-0,1,4,9,11,13,99,111,139,149
00001242-0,10
00001243-0,1,4,6,8,9,20,23,25,34,37,40,64,109,113,132
00001244-0,1,4,6,8,9,11,20,37,42,45,58,109,116,149
00001245-0,1,4,6,8,9,11,16,19,23,37,40,42,58,67,68,83,113,120,136
00001246-0,1,4,6,8,16,19,37,58,64,109
00001247-0,1,4,13,43,54,67,93
00001248-0,2,3,5,7,15,21,54
00001249-0,1,2,3,5,7,10,14,94
00001250-0,1,4,20,23,25,34,144,145,149
00001251-0,1,4,11,15,20,25,34,109,116,149
00001252-0,3,13,17,95
00001253-0,1,4,6,43
00001254-0,2,3,10,13,18,43,44,53,133
00001255-0,1,4,8,9,13,16,18,23,36,37,40,42,45,93,99,113,132
00001256-0,1,4,23,36,42,99,149
00001257-0,1,4,6,19,23,24,28,93
00001258-0,1,4,6,41,68,83
00001259-0,1,4,25,93
00001260-0,2,3,5,17,26,27,47,77
00001261-0,3,5,17,27,35
00001262-0,1,2,3,5,7,14,17,27,35,77
00001263-0,3,32,116
00001264-0,1,6,9,13,32,83
00001265-0,1,4,6,20,34,75
00001266-0,1,4,15,16,20,23,67,99,147,148
00001267-0,1,4,11,16,18,23,37,76
00001268-0,1,4,16,19,20,29
00001269-0,1,4,6,9,11,16,20,133
00001270-0,1,4,11,16,20
00001271-0,1,4,6,15,16,20,23,83,131
00001272-0,1,4,6,16,18,20,23,126,135,142
00001273-0,1,4,6,13,16,76,83,116,142
00001274-0,1,2,3,14
00001275-0,1,4,6,13,83
00001276-0,1,2,3,124
00001277-0,1,6,25,28,42,44,51,99,116
00001278-0,3,5,14,33
00001279-0,1,4,6,11,15,23,28,83,135
00001280-0,1,4,6,15,44,83,101,135
00001281-0,1,4,6,83,96
00001282-0,1,4,6,15,23,83
00001283-0,1,4,6,15,83
00001284-0,1,2,14,18,26,67
00001285-0,2,3,5,10,18,44,53,96
00001286-0,1,6,20,41,43,70,83,149,150
00001287-0,3,5,18,94
00001288-0,5,18,22,35
00001289-0,5,35,61
00001290-0,3,13,14,17
00001291-0,2,5,7,9,10,12,18,33,44,126,137,139
00001292-0,1,4,9,11,34,139
00001293-0,3,18,26,30,123
00001294-0,3,5,14,18,21,26
00001295-0,1,4,9,11,15,16,20,23,25,42,70,109,113
00001296-0,1,6,15,18,25,46,67,99,116,121
00001297-0,1,4,6,11,13,42,83,99,139,149
00001298-0,1,4,6,13,20,32,68,83,116
00001299-0,3,14,18,69
00001300-0,2,3,5,7,13,21,44,124,137
00001301-0,1,4,6,9,16,19,20,86
00001302-0,1,4,6,9,16,18,19,20,23,25,29,37,42,64,67,68,86,90,113,126,138,149
00001303-0,1,4,9,11,16,32,111,143
00001304-0,1,4,9,16,23,25,32,64,67,68,136,143,148
00001305-0,1,4,6,9,16,20,32,54,64,83
00001306-0,1,4,6,15,16,20,86,143,148
00001307-0,1,4,6,9,16,18,20,23,25,31,37,86,99,138,140
00001308-0,1,4,6,9,16,18,20,83,86,100,126
00001309-0,1,4,6,9,15,16,19,20,23,29,37,39,83,86,133,143
00001310-0,1,4,9,11,16,20,23,32,37,40,42,67,136,143
00001311-0,1,4,6,9,16,18,19,20,23,37,42,50,65,67,83,86,99,100,113,126,136,138,143
00001312-0,1,4,6,9,16,19,20,23,28,50,67,86,100,135,136,148
00001313-0,1,4,6,11,15,16,20,67,138,143
00001314-0,1,4,9,16,19,20,28,37,42,68,100,101,143
00001315-0,1,4,6,9,16,19,20,86
00001316-0,1,4,6,9,16,20
00001317-0,1,4,6,9,11,16,20,23,39,43,46,60,86,113,119,134,143,148
00001318-0,1,4,6,9,11,16,20,67,68,83,86,98,136
00001319-0,1,4,6,16,18,20,23,28,29,67,86,100,136
00001320-0,1,4,15,16,18,20,23,126
00001321-0,1,4,16,20,31,67,143
00001322-0,1,4,16,19,20,29,37
00001323-0,1,4,6,11,15,16,18,19,20,23,24,29,37,86,120,132,138
00001324-0,1,4,9,16,19,20,37,100,113
00001325-0,1,4,6,112,119
00001326-0,3,10,17,35
00001327-0,1,4,9,15,18,20,37,86
00001328-0,1,2,18,37,54,96,126
00001329-0,1,4,8,9,11,15,37,45
00001330-0,1,4,8,13,20,34,58,68,90,101,116
00001331-0,1,8,9,11,19,20,23,25,34,58,68,99,101,150
00001332-0,2,3,5,7,12,13,18,21,33,44,54,73,81,84,88,126,137
00001333-0,1,4,13,20,28,42,71,99,116,135
00001334-0,3,5,7,10,18,26,73
00001335-0,5,10,13,29,113,120
00001336-0,1,3,4,30,33,39,43,52,54,96
00001337-0,1,4,6,131,142
00001338-0,1,4,6,20,23
00001339-0,1,4,6,23,25,83,139
00001340-0,1,2,3,5,7,12,15,44
00001341-0,1,4,9,13,25,60,97
00001342-0,2,3,5,12,13,33,60,97
00001343-0,5,13,14,33
00001344-0,5,10,13
00001345-0,2,3,5,10,33
00001346-0,1,6,11,13,46,51,83,121,138,145
00001347-0,3,5,14,20,26,33
00001348-0,1,3,5,18,30,67
00001349-0,3,30,92
00001350-0,3,18,30
00001351-0,3,17,21,30,88,92
00001352-0,2,3,12,150
00001353-0,1,3,5,13,14
00001354-0,18,22,35
00001355-0,3,17,22,77,96,141
00001356-0,5,14,18,26,35,39,54,62
00001357-0,2,5,12,18,21,22,26,33,70,94
00001358-0,1,4,6,13,15,41,54,67,126
00001359-0,1,4,6,13,44,46,51,56,116,124,134
00001360-0,5,18,35,53
00001361-0,3,5,61
00001362-0,3,5,10
00001363-0,5,10
00001364-0,3,5
00001365-0,3,5,14
00001366-0,5,7,10
00001367-0,2,3,5,13,18,53,54
00001368-0,2,3,5,10,14,17,35
00001369-0,1,12,13,18,54,96,105,122
00001370-0,1,4,6,9,37,67,70,83,86,140
00001371-0,1,11,48,72,99
00001372-0,1,4,6,11,20,23,37,90,109
00001373-0,1,4,6,9,11,15,16,20,23,48,57,78,83,86,99,120,138,148
00001374-0,1,4,6,15,20,23,83
00001375-0,1,4,6,9,15,16,20,57,83,139,149
00001376-0,1,4,6,8,11,15,16,18,20,23,24,29,31,37,39,57,60,67,83,90,126,136
00001377-0,3,13,14,21,22,44
00001378-0,1,4,6,9,11,15,16,20,42,120,122
00001379-0,1,4,6,11,13,25,37,42,45,99,111
00001380-0,1,4,6,11,20,25,42,64,116,117,123
00001381-0,3,13,14
00001382-0,2,3,5,7,10,18,33,126,145
00001383-0,3,5,10,18,21,26
00001384-0,3,5,10,13,18,21
00001385-0,2,3,5,10,14,21,26,44,54,88,124
00001386-0,3,5,10,15,16,20
00001387-0,1,4,6,13,41,83
00001388-0,3,5,10,13
00001389-0,2,5,10,13,21,47,150
00001390-0,2,3,5,10,94
00001391-0,1,4,18,53,113,126
00001392-0,1,4,6,18
00001393-0,3,5,7,10,12,13,18,20,21,26,35,44,67,83,94
00001394-0,1,4,6,9
00001395-0,1,4,6,9,20,28,83,113
00001396-0,3,5,14,26,37
00001397-0,1,4,6,15,83
00001398-0,2,3,5,13,14,21,33
00001399-0,2,3,13,17,27,94,104
00001400-0,1,4,13
00001401-0,1,4,6,9
00001402-0,2,3,5,7,30
00001403-0,5,10,13,14,18,126
00001404-0,1,2,3,5,7,10,17,21,33,44,62,88,96
00001405-0,2,7,14,21,33,43,62,88,103
00001406-0,3,5,7,17,21,33
00001407-0,3,7,17,30,33,94
00001408-0,3,5,7,21,33,44,62,84,88
00001409-0,2,3,5,7,14,17,21,44,88
00001410-0,3,5,7,21,88,137
00001411-0,3,5,7,21,33,44,62
00001412-0,3,5,7,21
00001413-0,5,7,21,44,84
00001414-0,3,5,7,17,30,33
00001415-0,3,5,7,14,33,62
00001416-0,1,3,7,18,21,30,69
00001417-0,2,3,5,7,17,21,39,44,69,84,88
00001418-0,3,5,7,30,69,94
00001419-0,3,5,10
00001420-0,1,4,6,9,11,18,20,23,34,42,64,75,83,133
00001421-0,1,4,19,23,25,34,75,139
00001422-0,1,4,11,20,34,75,149
00001423-0,1,4,6,8,9,11,25,34,37,42,58,68,76,90,139,144,149
00001424-0,1,4,6,16,20,23,24,37,40,65,83,142
00001425-0,3,13,14
00001426-0,1,4,6,9,11,13,19,25,37,42,83,101,111,142
00001427-0,2,4,13,18,22,38,54
00001428-0,2,3,5,7,10,12,18,21,70,87,105
00001429-0,1,4,16,19,20,28,31,37,68
00001430-0,1,4,6,8,9,19,20,34,37,58,65,90,116
00001431-0,1,4,6,8,16,19,23,31,37,65
00001432-0,1,4,6,8,16,19,20,23,24,28,37,40,65,98
00001433-0,1,4,6,8,9,16,18,19,31,37,38,40,45,58,64,67,82,90,99,122,126,136,138,148
00001434-0,1,4,8,16,58,82,135
00001435-0,3,10,12,18,26,54,150
00001436-0,2,3,5,7,10,16,17,18,20,26,33,44,70,88,135
00001437-0,1,4,6,11,18,24,31,127,135
00001438-0,3,18,30,73,80
00001439-0,27,127
00001440-0,1,6,13
00001441-0,3,17,27,95
00001442-0,1,4,15,139
00001443-0,2,3,7,21
00001444-0,3,5,18,26,44,150
00001445-0,3,5,18,22
00001446-0,1,4,13,18,126
00001447-0,1,2,3,4,5,6,9,18,22,39,96,126
00001448-0,1,2,3,4,5,18,22,27,44,73,96
00001449-0,2,3,7,12,33,44,88,137
00001450-0,1,4,8,20,28,42,48,78
00001451-0,1,4,6,24,25,43,46,56,83,86,135
00001452-0,3,5,14,15,26,33,44,80,95
00001453-0,1,4,6,13,20,149
00001454-0,1,4,11
00001455-0,1,4,6,9,15,16,20,25,44,83,109,113,149
00001456-0,1,4,6,13,15,20,41,42,44,83,116
00001457-0,1,4,9,11,20,37,48,72,111,130
00001458-0,1,4,9,11,15,64,72,130
00001459-0,1,6,11,51,72,83,125
00001460-0,1,6,11,18,20,23,67,83,86,99,113,135,136
00001461-0,1,4,6,11,45,99,119,134,143
00001462-0,1,4,6,9,11,15,16,20,23,24,29,40,51,72,74,83,99,125,130,135,138,139,148
00001463-0,1,4,6,9,11,15,51,72,125,130,134
00001464-0,1,9,11,48,51,72,134
00001465-0,1,4,6,9,11,15,16,18,20,23,25,45,48,83,126,130,147
00001466-0,1,4,9,11,48,51,67,72,125,134,136
00001467-0,1,4,6,11,15,37,39,48,83,86
00001468-0,1,11,25,42,125,138
00001469-0,1,4,9,11,15,23,25,67,72,125,130
00001470-0,1,4,9,11,48,72,99,134
00001471-0,1,4,6,9,11,15,19,45,48,64,72,83,134
00001472-0,1,4,6,9,11,15,16,20,48,51,72,83,99,125,130,134
00001473-0,1,6,9,11,15,18,48,72,83,126,134
00001474-0,1,4,6,9,11,16,18,23,37,48,51,67,72,83,113,121,126,130,134,143
00001475-0,1,4,11,28,29,68,99,111,113,119,125,135,143
00001476-0,1,4,6,11,15,48,72
00001477-0,1,4,9,11,16,19,20,23,34,37,72,125,130
00001478-0,1,4,6,9,11,15,48,51,72,74,83,125
00001479-0,1,4,6,9,11,18,48,51,72,119,125
00001480-0,1,4,6,11,29,48,51,72,83,99,125,130,134
00001481-0,1,4,6,9,11,16,20,23,51,72,139
00001482-0,1,4,6,9,11,18,48,68,72,83,113,126,130,143
00001483-0,1,11,25,125,130
00001484-0,1,4,11,25,51,139
00001485-0,1,4,6,9,11,48,72,134
00001486-0,1,6,11,15,51,125
00001487-0,1,4,6,9,11,15,24,25,37,43,48,51,68,72,74,83,99,111,113,125,134,138
00001488-0,1,4,9,11,29,48,51,99,125
00001489-0,1,4,13,70
00001490-0,1,3,5,14,22,35,77
00001491-0,3,5,17,61,94
00001492-0,2,3,5,18,61
00001493-0,3,13,27,91
00001494-0,1,4,108,145
00001495-0,1,4,6,15,16,29,44,83,108,113,122,149
00001496-0,5,14,18
00001497-0,1,4,9,34,43,131
00001498-0,1,4,6,11,16,20,31,34,63,68,76,83
00001499-0,2,3,7,13,21,33,44,150
00001500-0,3,5,22,62
00001501-0,2,3,5,10,18,33
00001502-0,3,7,17,22,33,35,95
00001503-0,1,6,13,25,32,99
00001504-0,1,4,9,16,18,31,40,136,147
00001505-0,1,4,6,9,18,20,29,126
00001506-0,1,4,6,11,15,16,19,24,37,40,42,83,90,122
00001507-0,1,6,18,19,24,29,31,40,50,65,83,90
00001508-0,1,4,6,11,18,19,24,40,65,67,83,90,126,136
00001509-0,1,4,6,9,11,15,23,24,31,37,40,42,50,65,68,90,113,136
00001510-0,1,4,6,9,11,23,24,25,29,31,37,40,42,65,68,86,99,135,136,149
00001511-0,1,4,6,9,15,16,18,23,24,25,31,37,40,42,65,68,83,126,140
00001512-0,1,4,6,15,16,18,23,24,25,37,40,65,90,126,136,143
00001513-0,1,4,6,9,11,15,16,18,20,23,24,28,37,40,42,65,67,68,83,136
00001514-0,1,4,6,11,15,23,25,31,37,42,50,67,68,83,90,136,138,143,149
00001515-0,1,4,6,11,23,24,29,37,40,45,72,83,119,130,138
00001516-0,1,4,6,16,24,31,40,65,83,90
00001517-0,1,4,6,9,11,15,16,19,23,24,31,37,65,67,136
00001518-0,1,4,6,9,15,16,19,23,24,40,65,67,136
00001519-0,1,4,6,11,15,16,19,20,23,24,25,28,31,37,40,50,65,67,68,83,98,99,136,143
00001520-0,1,4,6,9,16,19,23,24,29,31,32,37,50,67,86,122,133
00001521-0,1,4,6,9,16,18,20,23,24,29,31,39,40,50,98,126,135,136
00001522-0,1,4,6,9,11,16,18,19,20,24,31,40,65,83,135,136
00001523-0,1,4,6,9,11,16,18,19,20,23,24,37,40,50,67,83,98,135,136,138
00001524-0,1,4,9,11,24,40,90,98
00001525-0,1,4,6,11,16,23,24,31,37,40,83,90,98,135,138
00001526-0,1,4,6,9,11,16,20,24,37,40,50,99
00001527-0,1,4,23,24,31,37,40,132
00001528-0,1,4,6,9,11,16,18,24,29,31,37,40,98,111,126,140
00001529-0,1,4,6,9,16,23,24,29,31,37,50,65,83,90
00001530-0,1,4,6,11,20,24,40,65,83,111,131
00001531-0,1,4,6,15,16,19,20,23,24,29,37,40,65,67,136,140,149
00001532-0,2,3,7,13,43,128,139
00001533-0,1,4,6,9,15,44,83,149
00001534-0,1,4,6,13,16,18,23,24,29,31,37,39,43,44,46,65,67,83,126,133,135,136
00001535-0,1,4,6,13,70
00001536-0,1,4,6,9,11,16,20,34,99,135
00001537-0,7,13
00001538-0,3,5,7,10,18,26,44,53,67,70
00001539-0,1,4,6,13,16,42,116,121,140
00001540-0,2,12,13,16,113,121
00001541-0,1,4,13,20,36
00001542-0,1,2,3,5,12,96
00001543-0,3,14,18,35
00001544-0,1,4,6,8,9,13,16,34,48,99
00001545-0,1,6,7
00001546-0,3,5,10,13,18,22,35,53,120,150
00001547-0,1,2,3,5,10,13
00001548-0,1,4,6,9,11,15,23,25,37,43,60
00001549-0,3,5,10,13,26,94
00001550-0,1,4,11,48,111
00001551-0,2,3,5,10,53
00001552-0,3,5,17,61
00001553-0,3,5,17
00001554-0,3,17
00001555-0,2,3,5,17,18,22,33,77
00001556-0,3,7,17,33,44
00001557-0,3,13,17,53
00001558-0,3,5,7,14,17,44
00001559-0,3,5,17
00001560-0,1,4,6,13,20,32,102,131
00001561-0,2,3,12,13,44,101
00001562-0,1,4,9,15,43
00001563-0,1,4,6,23,54,122,133
00001564-0,1,4,6,15,29,111,142
00001565-0,2,3,5,7,10,12,18,21,44,54,60,70,73,88,139
00001566-0,2,3,20,33,64
00001567-0,1,2,3,5,7,12,13,18,33,44,116,128
00001568-0,3,5,10,17,127
00001569-0,2,3,5,7,10,17,30,44,139
00001570-0,2,3,5,7,10,12,17,21,26,30,44,88
00001571-0,1,2,3,5,7,12,13,21,33,61,88,96,137
00001572-0,1,2,3,5,7,10,13,18,60,83
00001573-0,1,2,3,14,18,20,54,88,126,136,139
00001574-0,1,4,16,24,31,40
00001575-0,1,4,9,93,116,120
00001576-0,1,3,5,7,14,15,21,33,39,44,73,88
00001577-0,2,3,5,9,14,18,88,96
00001578-0,1,4,9,11,15,19,23,29,37,67,136
00001579-0,1,2,3,5,13,17,21,33,54
00001580-0,1,2,3,5,7,10,12,13,21,22,33,39,60,88,94,116
00001581-0,2,3,5,7,10,14,18,21,88,128
00001582-0,2,3,5,7,12,13,18,21
00001583-0,1,2,3,5,7,13,21,39,44,61,94
00001584-0,2,3,5,14,17,53
00001585-0,1,2,3,5,7,12,14,17,18,44
00001586-0,2,3,5,7,30
00001587-0,2,3,5,7,10,12,13,54,88,96
00001588-0,1,4,9,16,20,23,29
00001589-0,2,3,7,9,30,33,44,88,139
00001590-0,2,3,5,7,10,12,13,18
00001591-0,1,4,9,20,58,64,150
00001592-0,2,3,7,17,22,33,94
00001593-0,2,3,9,13,14,54
00001594-0,2,3,5,10,18,53,60,85,88,96,149
00001595-0,1,2,3,5,7,12,13,15,21,41,54,88
00001596-0,2,14,16,44
00001597-0,1,2,3,5,13,27,33,35,77,113,141,150
00001598-0,1,4,6,15,32,50,86
00001599-0,2,3,5,7,12,21,60,94,96,101
00001600-0,41,121,138
00001601-0,2,3,5,7,103,124
00001602-0,1,2,3,5,7,10,13,18,21
00001603-0,2,3,7,124,139
00001604-0,3,14,27,35
00001605-0,3,5,10,18,22,77,141
00001606-0,1,4,6,23,70,133
00001607-0,1,4,6,9,16,19,46,79,83
00001608-0,1,4,6,19,20,23,83
00001609-0,2,3,17,27,77
00001610-0,3,14,17,35,92
00001611-0,4,16,63,68
00001612-0,1,4,6,15,43,83,96
00001613-0,3,5,18,22
00001614-0,1,4,6,9,15,20,34,83
00001615-0,1,4,13,16,41,46,70,116,138,143,148
00001616-0,3,17,27,47
00001617-0,2,3,5,7,12,13,39,62,70,85,87,88,139,150
00001618-0,5,18,61
00001619-0,3,5,10,33,80
00001620-0,2,3,5,7,14,33,88,149
00001621-0,2,3,5,10,18,54,73
00001622-0,1,4,6,15,16,20,135
00001623-0,3,27,35
00001624-0,5,10,14,18
00001625-0,3,5,26,27,35,95
00001626-0,1,4,6,13,23,24,39,140
00001627-0,5,35,61
00001628-0,2,3,5,7,12,13,21,44,94,103,128,137
00001629-0,2,3,5,27,33,47
00001630-0,1,4,6,25,42,111
00001631-0,2,3,5,18,33,96
00001632-0,2,5,7,10,95
00001633-0,1,4,13,55
00001634-0,1,4,6,9,15,23,83,90
00001635-0,1,4,6,9,13,37,39,43,122,133,149
00001636-0,2,3,5,7,12,13,18,21,87,88,89,117,128
00001637-0,2,3,5,14,85
00001638-0,1,4,15,19,20,29,36,58,118,120,132
00001639-0,1,4,6,9,19,45,109,113,118,132
00001640-0,1,4,13,20,40,118
00001641-0,3,5,13,14,17,18,35,69,73
00001642-0,1,6,13
00001643-0,3,27,47
00001644-0,1,4,9,13,20,23,34,42,45,63,68,75
00001645-0,1,4,6,13,16,20,25,34,75,76,83,144
00001646-0,1,4,9,23,25,34,37,42,63,68,75,76,136
00001647-0,1,4,11,16,20,23,25,29,34,68,75,113,136
00001648-0,1,11,18,20,23,34,42,68,75,101,109
00001649-0,2,3,10,18,53
00001650-0,3,10,13,39,60,123
00001651-0,1,4,6,13,15,16,19,20,32,39,42,43,60,83,102,135
00001652-0,5,9,10,13,15,80
00001653-0,2,3,5,14,35
00001654-0,1,4,6,9,15,16,63,68,109,135,136
00001655-0,1,2,3,10,124
00001656-0,1,4,6,15,16,20
00001657-0,1,6,15,60,96
00001658-0,2,3,5,22
00001659-0,2,3,22
00001660-0,5,10,13,33,53
00001661-0,4,16,43,113,143,148
00001662-0,2,3,7,12,13,21,44,81
00001663-0,1,4,6,9,11,16,18,23,24,28,29,37,64,65,116,126,135,140
00001664-0,3,5,10,18,20,26,53,54
00001665-0,5,6,22
00001666-0,3,5,10,18,53,70
00001667-0,2,3,12,88
00001668-0,2,3,12,14,60
00001669-0,1,4,6,9,11,13,42,99
00001670-0,2,3,5,7,12,54,149
00001671-0,2,3,44,94,137
00001672-0,1,121
00001673-0,2,3,12,13,21,124,150
00001674-0,1,3,13,14,27,47
00001675-0,3,5,14,122
00001676-0,3,5,18,61
00001677-0,1,4,6,11,15,16,20,33,78,83,90,99,121,135,145
00001678-0,1,4,6,9,13,48,127
00001679-0,1,4,6,9,13,15,16,18,20,24,31,37,39,83
00001680-0,3,5,13,17,69
00001681-0,2,3,5,10,13,22,53
00001682-0,1,3,5,14,17,54
00001683-0,2,3,7,21,60,69
00001684-0,2,3,5,14,18,67
00001685-0,3,5,18,105
00001686-0,3,5,14,18,22
00001687-0,2,3,5,18,150
00001688-0,1,4,42,99,113
00001689-0,2,3,5,7,13,52,88,94,127,150
00001690-0,2,3,5,10,13,18,53,70,88,94,139
00001691-0,2,5,10,12,13,70,88,94,139
00001692-0,3,5,13,14,53,68,70
00001693-0,3,5,10,70
00001694-0,1,4,6,21,43,83
00001695-0,1,3,7,18,21,44
00001696-0,2,7,15,21,39,42,54
00001697-0,1,4,6,9,11,15,20,23,29,31,37,39,60,67,111,136,147
00001698-0,1,4,11,19,23,28,31,37,65,99,109,113,138,147
00001699-0,1,4,11,15,16,19,23,24,25,31,37,42,65,149
00001700-0,2,3,10,15,33,69,127
00001701-0,3,5,10,30
00001702-0,3,5,10,67,69,94,127,133
00001703-0,1,4,5,10,18,20,26,139
00001704-0,1,4,111
00001705-0,1,2,3,5,10,18,53
00001706-0,2,3,5,7,10,33
00001707-0,1,3,5,10,26,33,47,53
00001708-0,1,4,6,20,25,29,42,68,83,109
00001709-0,1,4,13,25,68,109
00001710-0,2,3,5,10,12,13,15,18,70,88,139
00001711-0,1,13
00001712-0,1,4,6,9,23,37,57,70,111
00001713-0,1,4,13,15,37,57
00001714-0,1,4,6,13,16,20,37,42,57,86,135
00001715-0,1,4,6,9,15,18,19,20,23,37,57,60,90
00001716-0,1,4,6,9,15,20,37,57,83,122,135,142
00001717-0,1,4,64,111,142
00001718-0,2,3,18,21,44,124
00001719-0,1,4,6,39
00001720-0,3,5,7,13,21,33,44,69,103
00001721-0,3,5,10,127
00001722-0,1,4,6,15,16,20,63,68,75,83,122,135,149
00001723-0,1,4,9,46,83,142
00001724-0,1,4,9,13,20,25,46,68,75,99,149
00001725-0,1,4,6,9,15,16,18,20,46,83,101,126
00001726-0,3
00001727-0,1,4,5,6,9,15,16,19,20,29
00001728-0,2,3,5,7,9,11,15,16,18,20,21,44,126
00001729-0,1,4,6,15,23,28,48,71,111,135
00001730-0,5,10,61,62
00001731-0,3,5,10,129
00001732-0,3,7,17,18,21,33,44
00001733-0,2,3,13
00001734-0,5,13,14,18,35,61
00001735-0,2,3,5,7,10,18,21,44,87,88,124,133
00001736-0,2,3,5,7,12,13,21,44,54,88,149
00001737-0,2,3,5,13,84
00001738-0,2,3,5,7,17,30,55
00001739-0,1,6,9
00001740-0,3,27,47,69
00001741-0,1,4,6,35,70
00001742-0,2,5,13,14
00001743-0,1,4,6,13,21,56,91,122
00001744-0,1,4,6,22
00001745-0,5,10,26
00001746-0,1,4,23,25,41,122
00001747-0,4,6,25,42,44,112
00001748-0,2,12,18,124,139
00001749-0,1,4,6,13,39,41,78,97
00001750-0,1,6,13,82,83,146
00001751-0,2,3,5,10,14,44,60
00001752-0,2,3,5,14,17,33
00001753-0,2,3,5,49
00001754-0,2,3,5,49,88,137
00001755-0,2,3,5,49
00001756-0,2,3,5,124,149
00001757-0,2,3,5,49
00001758-0,1,2,3,7,10,21,88
00001759-0,2,49
00001760-0,2,49
00001761-0,2,3,49
00001762-0,3,5,9,49
00001763-0,2,3,5,7,10,12,21
00001764-0,2,3,62,88
00001765-0,2,5,7,12
00001766-0,2,3,5,12,17
00001767-0,2,3,5,49
00001768-0,3,5,10,33,73
00001769-0,1,4,6,8,9,16,18,37,38,48,64,67,82,83,136,138,140
00001770-0,1,6,13,14,33,43,127
00001771-0,2,3,7,13,21,33
00001772-0,3,5,10,13,21,33,103
00001773-0,1,4,6,39,46,60
00001774-0,1,4,16,18,39,60,83,126
00001775-0,1,4,6,15,60,83
00001776-0,1,4,6,15,25,36,42,45,83
00001777-0,2,3,5,7,12,13,21,81,88,137
00001778-0,2,3,5,7,10,12,18,44,84,94,126
00001779-0,2,5,7,12,13,21,44,88,103,128,137,149,150
00001780-0,1,2,3,5,7,12,13,18,20,21,39,44,87,88,103,117,126,128,149
00001781-0,1,2,3,5,7,10,12,17,18,21,84,88
00001782-0,2,3,12,13,22,62,77,87,93
00001783-0,2,3,7,12,13,18,44,88,94
00001784-0,2,3,5,7,12,13,17,21,44,88,103
00001785-0,2,5,7,12,13,21,44,87
00001786-0,2,7,21,44,87
00001787-0,2,3,5,9,12,13,87,88,116,139
00001788-0,2,7,12,13,21,44,67,87,137,139
00001789-0,2,3,7,12,13,21,33,44,84,88,103,116,137,139,149,150
00001790-0,2,3,5,7,9,12,13,21,81,87,88,137,139,150
00001791-0,2,3,5,7,12,13,14,21,44,84,94,137
00001792-0,2,3,5,7,12,21,44,83,88,139
00001793-0,2,3,5,7,10,12,13,21,73,88,103,117,128
00001794-0,2,5,7,12,13,21
00001795-0,2,3,5,7,9,12,13,18,21,44,87,88,124,126,150
00001796-0,2,5,7,12,18,21,39,83,94,139
00001797-0,2,7,12,13,15,41,44,103,116,117,124,139
00001798-0,2,5,7,12,13,18,21,103,126
00001799-0,2,3,12,13,18,44,88,116,124,126
00001800-0,1,2,3,7,12,44,94,124
00001801-0,2,3,7,12,18,21,88,126
00001802-0,1,2,3,5,7,10,12,13,17,18,21,44,73,88,94,137,139
00001803-0,2,3,5,7,12,13,18,21,44,81,88,94,103,117,128,137
00001804-0,2,3,5,7,12,13,18,21,33,44,87,88,117,137,139
00001805-0,2,3,5,7,12,18,21,44,139
00001806-0,2,3,5,7,12,13,18,21,33,44,81,88,124,126,137,139,149
00001807-0,2,3,5,7,12,18,21,44,94
00001808-0,2,3,7,12,13,44,68,94,124
00001809-0,2,3,5,7,12,13,21,44,88,94,128,137
00001810-0,1,2,5,7,12,13,17,21,44,54,88
00001811-0,2,3,7,12,13,21,44,87,88,103,116,117,124,137,139
00001812-0,2,3,5,7,12,18,21,44,54
00001813-0,1,2,3,5,7,12,13,33,44,70,88,94,116,128,137,139,150
00001814-0,1,2,3,7,12,21,39,73
00001815-0,2,5,44,94,124,128
00001816-0,1,2,3,5,7,12,13,18,21,39,44,88,126,137
00001817-0,2,3,7,12,18,33,44,88,94,124,126,139
00001818-0,2,7,12,13,21,41,42,44,84,87,124,128,137,139,150
00001819-0,1,2,3,5,7,10,12,13,18,21,87,88,94
00001820-0,2,3,7,18,19,21,44,88,117,124,126,128
00001821-0,2,3,5,7,12,13,44,87,88,94,101,139
00001822-0,2,3,5,7,12,13,18,21,44,70,88,94,103,126,139,150
00001823-0,2,3,5,7,9,12,13,21,44,81,87,88,116,137,150
00001824-0,2,3,5,7,10,12,21
00001825-0,1,2,3,5,7,12,13,21,44,70,88,94,137,139
00001826-0,2,5,7,12,13,18,21,33,44,124
00001827-0,1,2,3,5,7,12,13,18,21,44,73,81,88,117
00001828-0,2,3,5,7,18,21,44,88,126
00001829-0,2,3,5,7,12,13,18,21,44,84,87,88,124,126,137,139
00001830-0,2,3,5,7,12,18,21,44,60,94,96,126,139,150
00001831-0,1,2,3,5,7,9,12,18,21,44,54,88,94,124
00001832-0,2,3,5,7,10,12,13,18,21,44,87,88
00001833-0,2,3,7,17,18,88,94
00001834-0,2,3,7,13,43,44,88,116
00001835-0,2,3,5,7,12,13,14,21,44,88,116
00001836-0,1,2,3,5,7,12,13,21,44,84
00001837-0,2,3,7,12,88,94,124,139
00001838-0,2,3,7,12,21,44,88,94
00001839-0,2,3,5,7,12,21,33,88,94,124,137
00001840-0,2,3,5,7,12,13,21,44,81,88,117,137
00001841-0,1,2,3,5,7,9,12,13,21,44,84,87,88,103,117,137,149
00001842-0,2,3,5,7,12,13,18,44,87,88,94,101,128
00001843-0,2,3,7,9,12,13,21,44,124,137,139,150
00001844-0,2,3,5,7,10,12,13,21,44,73,84,88,103,117,128,137
00001845-0,2,3,5,7,12,13,21,44,88,117
00001846-0,2,3,5,7,12,13,21,44,88,103,128,149
00001847-0,1,2,3,5,7,12,18,21,33,39,44,54,94,137
00001848-0,2,3,7,12,13,21,54,88
00001849-0,2,3,7,12,13,44,88,124
00001850-0,1,2,3,5,12,17,18,21,44,60,84,87,88,96,139,150
00001851-0,2,3,5,7,12,17,21,88
00001852-0,2,7,12,13,18,21,88
00001853-0,2,3,5,7,12,21,44,88,103,123
00001854-0,2,7,12,13,21,44,64,83,87,88,117,139
00001855-0,2,7,12,15,124
00001856-0,1,2,3,5,7,10,12,13,18,21,54,70,84,88,103,128,137
00001857-0,1,2,3,5,7,12,17,30,33,44,88,103
00001858-0,2,3,5,7,12,13,18,21,39,44,94
00001859-0,2,12,13,18,44,88,124,126,139
00001860-0,2,3,7,12,21,44
00001861-0,2,3,7,12,13,44
00001862-0,2,3,7,21,44,87
00001863-0,2,3,7,12,21,44,84,88
00001864-0,2,3,7,12,13,21,84
00001865-0,2,3,7,12,13,54,139
00001866-0,2,3,5,7,13,21,81,85,137,149,150
00001867-0,2,3,7,12,21
00001868-0,2,3,7,12,17
00001869-0,2,3,7,12,21,88,103
00001870-0,2,3,5,7,12,17,21
00001871-0,2,3,7,21,87
00001872-0,2,3,7,12,13,21,42,44,88
00001873-0,2,3,7,12,21,33,88,103
00001874-0,2,3,5,10,53
00001875-0,1,6,13,32,83,116
00001876-0,1,4,6,15,44,83
00001877-0,1,4,13,25,41,46,116
00001878-0,1,4,6,13,41,42,44,46,101,113,144
00001879-0,13,17,18,22,114
00001880-0,1,2,3,4,5,18,20,73,87,88,110
00001881-0,1,4,9,70,86
00001882-0,3,5,7,10,14,18,33
00001883-0,1,4,13,19,34,109
00001884-0,3,5,54
00001885-0,2,5,10,13,115
00001886-0,1,6,32,102
00001887-0,1,2,3,5,7,10,12,13,18,21,44,54,88,137,139,150
00001888-0,1,4,6,13,42
00001889-0,1,2,3,5,13,14,15,18,70
00001890-0,3,5,85,149
00001891-0,2,3,5,7,12,21,44,87
00001892-0,1,4,9,13,16,20,25,42,68,93,109,113,116
00001893-0,3,5,13,14
00001894-0,2,3,9,13,21,60,94,96
00001895-0,3,5,14,126
00001896-0,1,6,7,83,84
00001897-0,22
00001898-0,1,4,9,11,19,48,108
00001899-0,2,3,5,30,61
00001900-0,2,3,17,30,35,61
00001901-0,1,2,3,5,10,14,18,53
00001902-0,1,2,3,4,5,6,10,16,17,18,20,22,26,39,43,53
00001903-0,3,5,10,17,30,127
00001904-0,1,4,25,41,44,46
00001905-0,2,3,5
00001906-0,1,2,3,5,33,120
00001907-0,1,4,6,15,16,20,23,25,31,42,83
00001908-0,1,4,6,16,23,24,28,31,37,67,83,99
00001909-0,1,4,9,16,18,24,31,65,90,126
00001910-0,1,4,15,16,18,23,31,40,42,44,101,109,113,139
00001911-0,1,4,9,16,20,46
00001912-0,4,6,13,42,43,83
00001913-0,1,4,6,25,42
00001914-0,1,3,4,7,15,18,26,33,48,54,135
00001915-0,5,14,18
00001916-0,1,2,3,5,88,150
00001917-0,5,14,22,35,114
00001918-0,3,5,22,69,95,114
00001919-0,1,3,5,14,21,26,39,44,54
00001920-0,1,4,9,23,48,67,78
00001921-0,1,4,6,11,16,18,19,20,23,24,31,37,65,68,78,83
00001922-0,3,5,30
00001923-0,3,14
00001924-0,1,4,9,11,32,40
00001925-0,1,4,9,11,64
00001926-0,1,4,6,13,15,83,112
00001927-0,1,4,25,99
00001928-0,1,13,32,41,150
00001929-0,1,4,6,11,13,15,16,23,25,42,44,51,125,139,140
00001930-0,3,10,18
00001931-0,1,4,8,9,13,58,116
00001932-0,1,4,8,9,64,132,147
00001933-0,1,4,5,13,35,87,96
00001934-0,1,4,6,13,15,18,32,43,46,106,126
00001935-0,2,13,15,21,39,42,44,55,60,84,85,88,91
00001936-0,4,23,43
00001937-0,1,4,38,59,82
00001938-0,3,5,27,47,73
00001939-0,1,8,16,23,36,37,40,42,58,109,132
00001940-0,3,5,18,70
00001941-0,3,13,27,47,54,70,73
00001942-0,1,4,6
00001943-0,1,4,6,16,20,23,25,34,37,44,63,67,68,83,90,99,101,109,131,136,138,144,149,150
00001944-0,3,14,27,35
00001945-0,1,4,6,11,15,16,18,20,23,43,83,99,126,138,143,150
00001946-0,1,15,23,25
00001947-0,1,4,6,15,39,44,83,101
00001948-0,3,18,47
00001949-0,1,4,16,20,23,67,86,100,121,143,148
00001950-0,1,4,6,9,11,16,20,29,68,86,138
00001951-0,1,4,15
00001952-0,3,5,10
00001953-0,3,5,10
00001954-0,5,14,81
00001955-0,3,5,95
00001956-0,1,3,5,12,15,17,18
00001957-0,1,4,6,25
00001958-0,1,4,6,9,15,19,23,31,34,37,40,64,75,76
00001959-0,1,4,6,8,11,15,16,20,23,28,31,34,37,40,67,71,82,116,135,136,138,139,140
00001960-0,1,4,6,8,11,15,16,19,20,23,24,37,51,125
00001961-0,1,4,6,9,16,18,19,20,23,37,43,50,67,83,126,135,136,148
00001962-0,1,9,11,48,72,99,125,130,143
00001963-0,1,6,125
00001964-0,13,27
00001965-0,1,4,6,9,24,25,28,37,40,42,50,67,83,98,113,120,136
00001966-0,1,4,6,9,11,19,23,24,29,31,37,40,65,67,90,98,99,136
00001967-0,1,4,16,18,19,23,24,28,29,31,37,40,65,67,126,136
00001968-0,1,4,6,9,15,16,18,19,23,24,25,29,37,40,50,65,67,68,90,99,126,132,136,140
00001969-0,1,4,16,24,29,37,40,50,64,65,67,90,132,136
00001970-0,1,4,15,16,18,24,31,37,65,68,113,126
00001971-0,1,4,6,9,16,18,19,20,23,24,29,37,40,64,65,126,132,135
00001972-0,3,10,17,27
00001973-0,17
00001974-0,3,17
00001975-0,3,14,17
00001976-0,2,5,7,12,88,117,150
00001977-0,2,5,9,15,21,39
00001978-0,2,3,27,35,47
00001979-0,13,22,39,127
00001980-0,1,4,6
00001981-0,1,14,18,127
00001982-0,3,13,27,47
00001983-0,3,35,69
00001984-0,2,3,14
00001985-0,3,5,14,17
00001986-0,1,2,3,5,10,12,13,18,21,33,44,70,88,128
00001987-0,1,4,6,15,18,20,23,37,43,57,78,83,126,140
00001988-0,1,4,15
00001989-0,10,13
00001990-0,2,3
00001991-0,3,5,7,14,17
00001992-0,2,3,5,7,12,13,18,21,81,88,126,137,149
00001993-0,1,2,3,7,9,12,13,21,44,87,88,103,124,150
00001994-0,1,2,5,7,12,13,21,39,44,117
00001995-0,1,2,3,7,14,21,33,44,62,88
00001996-0,3,5,22,35
00001997-0,3,5,17,69
00001998-0,3,5,35,114
00001999-0,3,5,18,114
00002000-0,1,52,54
